;accordion;airplanes;anchor;ant;BACKGROUND_Google;barrel;bass;beaver;binocular;bonsai;brain;brontosaurus;buddha;butterfly;camera;cannon;car_side;ceiling_fan;cellphone;chair;chandelier;cougar_body;cougar_face;crab;crayfish;crocodile;crocodile_head;cup;dalmatian;dollar_bill;dolphin;dragonfly;electric_guitar;elephant;emu;euphonium;ewer;Faces;Faces_easy;ferry;flamingo;flamingo_head;garfield;gerenuk;gramophone;grand_piano;hawksbill;headphone;hedgehog;helicopter;ibis;inline_skate;joshua_tree;kangaroo;ketch;lamp;laptop;Leopards;llama;lobster;lotus;mandolin;mayfly;menorah;metronome;minaret;Motorbikes;nautilus;octopus;okapi;pagoda;panda;pigeon;pizza;platypus;pyramid;revolver;rhino;rooster;saxophone;schooner;scissors;scorpion;sea_horse;snoopy;soccer_ball;stapler;starfish;stegosaurus;stop_sign;strawberry;sunflower;tick;trilobite;umbrella;watch;water_lilly;wheelchair;wild_cat;windsor_chair;wrench;yin_yang;All
accordion;0.25;0.003125;0.0;0.0;0.00666666666667;0.0384615384615;0.0;0.0;0.0;0.0;0.025;0.0;0.0;0.0;;0.0;0.0;0.0;0.0;0.0;0.0;0.0;0.0;0.0;0.0;0.0;0.0;0.0;0.0;0.0;0.0;0.0;0.0;0.0;0.0;0.0;0.0;0.0;0.0;0.0;0.0;0.0;0.0;0.0;;0.0;0.0;0.0;0.0;0.0;0.0;0.0;;0.0;0.0;;;0.0;0.0;0.0;0.0;0.0;0.0;0.0;0.0;0.0;0.0;0.0;0.0;;0.0;;0.0;0.0;;0.0;0.0;;0.0;0.0;0.0;0.0;0.0;0.0;0.0;0.0;;0.0;0.0;0.0;0.0;0.0;0.0;0.0;0.0;0.0;0.0;;;0.0;0.0;0.0;0.00218698742482
airplanes;0.0;0.4375;0.0;0.0;0.02;0.0;0.0;0.0;0.0;0.0;0.0;0.0;0.0;0.0;;0.0;0.0454545454545;0.0454545454545;0.0;0.0;0.0;0.0;0.0;0.0;0.0;0.0;0.0;0.0;0.0333333333333;0.0;0.0;0.0;0.0;0.0;0.0;0.0;0.0238095238095;0.0105263157895;0.0;0.0;0.0;0.0;0.0;0.0;;0.0;0.0;0.0;0.0;0.0;0.0;0.0;;0.0416666666667;0.05;;;0.0;0.0;0.0;0.0;0.0;0.0;0.0;0.0;0.0;0.0227272727273;0.0;0.0;;0.0;;0.0;0.0;;0.0;0.0;;0.0;0.0;0.0;0.0;0.0;0.0;0.0;0.0;;0.0;0.0;0.0;0.0;0.0;0.0;0.0;0.0;0.0;0.0;;;0.0;0.0;0.0;0.0437397484964
anchor;0.0;0.0;0.0909090909091;0.0;0.00666666666667;0.0;0.0;0.0;0.0;0.0;0.0;0.0;0.0;0.0;;0.0;0.0;0.0;0.0;0.0;0.0217391304348;0.0;0.0;0.0;0.0238095238095;0.0;0.0;0.0;0.0;0.0;0.0;0.0;0.0;0.0;0.0;0.0;0.0;0.00526315789474;0.0114942528736;0.0;0.0;0.0;0.0;0.0;;0.0;0.0;0.0;0.0;0.0;0.0;0.0;;0.0;0.0;;;0.0;0.0;0.0;0.0;0.0;0.0;0.0;0.0;0.0;0.00324675324675;0.0;0.0;;0.0;;0.0;0.0;;0.0;0.0384615384615;;0.0;0.0;0.0;0.0;0.0;0.0;0.125;0.0;;0.0;0.0;0.0;0.0;0.0;0.0;0.0;0.0;0.0;0.0;;;0.0;0.0;0.0;0.00300710770913
ant;0.0;0.0;0.0;0.0;0.00666666666667;0.0;0.0;0.0;0.0;0.0;0.0;0.0;0.0;0.0;;0.0;0.0;0.0;0.0;0.0;0.0;0.0;0.0;0.0;0.0;0.0;0.0;0.0;0.0;0.0;0.0;0.0;0.0;0.0;0.0;0.0;0.0;0.0105263157895;0.0;0.0;0.0;0.0;0.0;0.0;;0.0;0.0;0.0;0.0;0.0;0.0;0.0;;0.0;0.0;;;0.0;0.0;0.0;0.0;0.0;0.0;0.0;0.0;0.0;0.00324675324675;0.0;0.0;;0.0;;0.0;0.0;;0.0;0.0;;0.0;0.0;0.0;0.0;0.0;0.0;0.0;0.0;;0.0;0.0;0.0;0.0;0.0;0.0;0.0;0.0;0.0;0.0;;;0.0;0.0;0.0;0.00109349371241
BACKGROUND_Google;0.3125;0.03125;0.0;0.0;0.153333333333;0.0;0.0;0.0;0.0;0.0;0.0;0.0;0.0;0.0;;0.0;0.0227272727273;0.0;0.0;0.0;0.0217391304348;0.0;0.0;0.0;0.0;0.0;0.0;0.0;0.0333333333333;0.0;0.0;0.0;0.0;0.0;0.0;0.0;0.0;0.0368421052632;0.0229885057471;0.0;0.05;0.0;0.0;0.0;;0.0192307692308;0.0;0.0;0.0;0.0;0.0333333333333;0.0;;0.0833333333333;0.025;;;0.0108695652174;0.0;0.0;0.0;0.0;0.0;0.0;0.0;0.0;0.025974025974;0.0;0.0;;0.0;;0.0;0.0;;0.0;0.0;;0.0;0.0;0.0;0.0;0.0;0.0;0.0;0.0;;0.0;0.0;0.0333333333333;0.0;0.0;0.0;0.0;0.09375;0.0375;0.0;;;0.0;0.0625;0.0;0.0205030071077
barrel;0.0;0.00625;0.0;0.0;0.0133333333333;0.0;0.0;0.0;0.0;0.0185185185185;0.0;0.0;0.0;0.0;;0.0;0.0;0.0;0.0;0.0;0.0;0.0;0.0;0.0;0.0;0.0;0.0;0.0;0.0;0.0;0.0;0.0;0.0;0.0;0.0;0.0357142857143;0.0;0.0105263157895;0.0;0.0;0.0;0.0;0.0;0.0;;0.0;0.0;0.0;0.0;0.0;0.0;0.0;;0.0;0.0;;;0.0;0.0;0.0;0.0;0.0;0.0;0.0;0.0;0.0;0.00649350649351;0.0;0.0;;0.0;;0.0;0.0;;0.0;0.0;;0.0;0.0;0.0;0.0;0.0;0.0;0.0;0.1;;0.0;0.0;0.0;0.0;0.0;0.0;0.025;0.03125;0.0;0.0;;;0.0;0.0;0.0;0.00355385456534
bass;0.0;0.00625;0.0;0.0;0.00666666666667;0.0;0.0;0.0;0.0;0.0;0.0;0.0;0.0;0.0;;0.0;0.0227272727273;0.0;0.0;0.0;0.0;0.0;0.0;0.0;0.0;0.0;0.0;0.0;0.0;0.0;0.0;0.0;0.0;0.0;0.0;0.0;0.0;0.0105263157895;0.00574712643678;0.0;0.0;0.125;0.0;0.0;;0.0;0.0227272727273;0.0;0.0;0.0;0.0;0.0;;0.0;0.0;;;0.0108695652174;0.0;0.0;0.0;0.0;0.0;0.0;0.0;0.0333333333333;0.0;0.0;0.0;;0.0;;0.0;0.0;;0.0;0.0;;0.0;0.0;0.0;0.0;0.0;0.0;0.0;0.0;;0.0;0.0;0.0;0.0;0.0;0.0;0.0;0.0;0.0;0.0;;;0.0;0.0;0.0;0.00300710770913
beaver;0.0;0.003125;0.0;0.0;0.00666666666667;0.0;0.0;0.0;0.0;0.0;0.0;0.0;0.0;0.0;;0.0;0.0;0.0;0.0;0.0;0.0;0.0;0.03125;0.0;0.0;0.0;0.0;0.0;0.0;0.0;0.0;0.0;0.0;0.0384615384615;0.0;0.0;0.0;0.0105263157895;0.0;0.0;0.0;0.0;0.0;0.0;;0.0;0.0;0.0;0.0;0.0384615384615;0.0;0.0;;0.0;0.0;;;0.0;0.0;0.0;0.0;0.0;0.0;0.0;0.0;0.0;0.0;0.0;0.0;;0.0;;0.0;0.0;;0.0;0.0;;0.0;0.0;0.0;0.0;0.0;0.0;0.0;0.0;;0.0;0.0;0.0;0.0;0.0;0.0;0.0;0.0;0.0;0.0;;;0.0;0.0;0.0;0.00191361399672
binocular;0.0;0.0;0.0;0.0;0.0;0.0;0.0;0.0;0.0714285714286;0.0;0.0;0.0;0.0;0.0;;0.0;0.0;0.0;0.0294117647059;0.0;0.0;0.0;0.0;0.0;0.0;0.0;0.0;0.0;0.0;0.0;0.0;0.0;0.0;0.0;0.0;0.0;0.0;0.0;0.0114942528736;0.0;0.0;0.0;0.0;0.0;;0.0192307692308;0.0;0.0;0.0;0.0;0.0;0.0;;0.0;0.0;;;0.0;0.0;0.0;0.0;0.0;0.0;0.0;0.0;0.0;0.00649350649351;0.0;0.0;;0.0;;0.0;0.0;;0.0;0.0;;0.0;0.0;0.0;0.0;0.0;0.0;0.0;0.0;;0.0;0.0;0.0;0.0;0.0;0.0;0.0;0.0;0.0;0.0;;;0.0;0.0;0.0;0.00191361399672
bonsai;0.0;0.00625;0.0;0.0;0.0266666666667;0.0;0.0;0.0;0.0;0.0740740740741;0.0;0.0;0.03125;0.0;;0.0;0.0;0.0;0.0;0.0;0.0;0.0;0.0;0.0357142857143;0.0;0.0;0.0;0.0;0.0;0.0;0.0;0.0;0.0;0.0;0.0;0.0;0.0;0.00526315789474;0.0;0.0;0.0;0.0;0.0;0.0;;0.0192307692308;0.0;0.0;0.0416666666667;0.0;0.0;0.0;;0.0;0.0;;;0.0108695652174;0.0277777777778;0.0;0.0;0.0;0.0;0.0;0.0;0.0;0.0194805194805;0.0;0.0;;0.0;;0.0;0.0;;0.0;0.0384615384615;;0.0;0.0;0.0;0.0714285714286;0.0;0.0;0.0;0.0;;0.0;0.0;0.0;0.0;0.0;0.0;0.025;0.0;0.0;0.0;;;0.0384615384615;0.0;0.0;0.00738108255878
brain;0.0;0.003125;0.0;0.0;0.00666666666667;0.0;0.0;0.0;0.0;0.0;0.15;0.0;0.0;0.0227272727273;;0.05;0.0;0.0;0.0;0.0;0.0;0.0;0.0;0.0;0.0;0.0;0.0;0.0;0.0;0.0;0.0294117647059;0.0;0.0;0.0;0.0;0.0;0.0238095238095;0.0;0.00574712643678;0.0;0.0;0.125;0.0;0.0;;0.0;0.0;0.0;0.0;0.0;0.0;0.0;;0.0;0.0;;;0.0;0.0;0.0;0.0;0.0;0.0;0.0;0.0;0.0;0.00324675324675;0.0;0.0;;0.0;;0.0;0.0;;0.0;0.0384615384615;;0.0;0.0;0.0;0.0;0.0;0.0;0.0;0.0;;0.0;0.0625;0.0;0.0;0.0;0.0;0.0;0.0;0.0375;0.0;;;0.0;0.0;0.0;0.00546746856206
brontosaurus;0.0;0.009375;0.0;0.0;0.00666666666667;0.0;0.0;0.0;0.0;0.0;0.0;0.0;0.0;0.0;;0.0;0.0;0.0;0.0;0.0;0.0;0.0;0.0;0.0;0.0;0.0;0.0625;0.0;0.0;0.0625;0.0;0.0;0.0;0.0;0.0;0.0;0.0;0.0105263157895;0.0;0.0;0.0;0.0;0.0;0.0;;0.0;0.0;0.0;0.0;0.0;0.0;0.0;;0.0;0.0;;;0.0;0.0;0.0;0.0;0.0;0.0;0.0;0.0;0.0;0.0;0.0;0.0;;0.0;;0.0;0.0;;0.0;0.0;;0.0;0.0;0.0;0.0;0.0;0.0;0.0;0.0;;0.0;0.0625;0.0;0.0;0.0;0.0;0.0;0.0;0.0;0.0;;;0.0;0.0;0.0;0.00273373428103
buddha;0.0;0.0;0.0;0.0;0.0266666666667;0.0;0.0;0.0;0.0;0.0;0.0;0.0;0.03125;0.0;;0.0;0.0;0.0;0.0;0.0;0.0217391304348;0.0;0.0;0.0;0.0;0.0;0.0;0.0;0.0333333333333;0.03125;0.0;0.0;0.0;0.0;0.0;0.0;0.0;0.0;0.0114942528736;0.0;0.0;0.0;0.0;0.0;;0.0;0.0;0.0;0.0;0.0384615384615;0.0;0.0;;0.0416666666667;0.0;;;0.0108695652174;0.0;0.0;0.0;0.0;0.0;0.0;0.0;0.0;0.00324675324675;0.0;0.0;;0.0;;0.0;0.0;;0.0;0.0;;0.0;0.0;0.0;0.0;0.0;0.0;0.0;0.1;;0.0;0.0625;0.0;0.0;0.0;0.0;0.0;0.0;0.0;0.0;;;0.0;0.0;0.0;0.00437397484964
butterfly;0.0625;0.009375;0.0;0.0;0.02;0.0;0.0;0.0;0.0;0.0;0.0;0.0;0.0;0.0227272727273;;0.0;0.0;0.0;0.0;0.0;0.0;0.0;0.0;0.0;0.0238095238095;0.0;0.0;0.0;0.0;0.0;0.0;0.0;0.0;0.0;0.0;0.0357142857143;0.0;0.0157894736842;0.0;0.0;0.0;0.0;0.0;0.0;;0.0;0.0;0.0;0.0;0.0;0.0;0.0;;0.0416666666667;0.0;;;0.0108695652174;0.0;0.0;0.0;0.0;0.0;0.0;0.0;0.0;0.00649350649351;0.0;0.0;;0.0;;0.0;0.0;;0.0;0.0;;0.0;0.0;0.0;0.0;0.0227272727273;0.0;0.0;0.0;;0.0294117647059;0.0;0.0;0.0;0.0555555555556;0.0;0.0;0.0;0.0125;0.0;;;0.0;0.0;0.0;0.00601421541826
camera;0.0;0.0;0.0;0.0;0.00666666666667;0.0;0.0;0.0;0.0;0.0185185185185;0.0;0.0;0.0;0.0;;0.0;0.0;0.0;0.0;0.0;0.0;0.0;0.0;0.0;0.0;0.0;0.0;0.0;0.0;0.0;0.0;0.0;0.0;0.0;0.0;0.0;0.0;0.0;0.0;0.0;0.0;0.0;0.0;0.0;;0.0;0.0;0.0;0.0;0.0;0.0;0.0;;0.0;0.0;;;0.0;0.0;0.0;0.0;0.0;0.0;0.0;0.0;0.0;0.00649350649351;0.0;0.0;;0.0;;0.0;0.0;;0.0;0.0;;0.0;0.0;0.0;0.0;0.0;0.0;0.0;0.0;;0.0;0.0;0.0;0.0;0.0;0.0;0.025;0.0;0.025;0.0;;;0.0;0.0;0.0;0.00191361399672
cannon;0.0;0.009375;0.0;0.0;0.0133333333333;0.0;0.0;0.0;0.0;0.0;0.0;0.0;0.0;0.0;;0.0;0.0227272727273;0.0;0.0;0.0;0.0;0.0;0.0;0.0;0.0;0.0;0.0;0.0;0.0;0.0;0.0;0.0;0.0;0.0;0.0;0.0;0.0;0.0105263157895;0.00574712643678;0.0;0.0;0.0;0.0;0.0;;0.0;0.0;0.0;0.0;0.0;0.0;0.0;;0.0;0.0;;;0.0;0.0;0.0;0.0;0.0;0.0;0.0;0.0;0.0;0.00324675324675;0.0;0.0;;0.0;;0.0;0.0;;0.0;0.0;;0.0;0.0;0.0;0.0;0.0;0.0;0.0;0.0;;0.0;0.0;0.0;0.0;0.0;0.0;0.0;0.0;0.0;0.0;;;0.0;0.0;0.0;0.00273373428103
car_side;0.0;0.003125;0.0;0.0;0.0;0.0;0.0;0.0;0.0;0.0;0.0;0.0;0.0;0.0;;0.0;0.386363636364;0.0;0.0;0.0;0.0;0.0;0.0;0.0;0.0;0.0;0.0;0.0;0.0;0.0;0.0;0.0;0.0;0.0;0.0;0.0;0.0;0.0210526315789;0.0;0.0;0.0;0.0;0.0;0.0;;0.0;0.0;0.0;0.0;0.0;0.0;0.0;;0.0;0.0;;;0.0;0.0;0.0;0.0;0.0;0.0;0.0;0.0;0.0;0.0;0.0;0.0;;0.0;;0.0;0.0;;0.0;0.0;;0.0;0.0;0.0;0.0;0.0;0.0;0.0;0.0;;0.0;0.0;0.0;0.0;0.0;0.0;0.0;0.0;0.0;0.0;;;0.0;0.0;0.0;0.00601421541826
ceiling_fan;0.0;0.00625;0.0;0.0;0.02;0.0;0.0;0.0;0.0;0.0;0.0;0.0;0.0;0.0;;0.0;0.0;0.0454545454545;0.0;0.0;0.0;0.0;0.0;0.0;0.0;0.0;0.0;0.0;0.0;0.0;0.0;0.0;0.0;0.0;0.0;0.0;0.0;0.00526315789474;0.00574712643678;0.0;0.0;0.0;0.0;0.0;;0.0;0.0;0.0;0.0;0.0;0.0;0.0;;0.0;0.0;;;0.0;0.0;0.0;0.0;0.0;0.0;0.0;0.0;0.0;0.00324675324675;0.0;0.0;;0.0;;0.0;0.0;;0.0;0.0;;0.0;0.0;0.0;0.0;0.0;0.0;0.0;0.0;;0.0;0.0;0.0;0.0;0.0277777777778;0.0;0.0;0.0;0.0125;0.0;;;0.0;0.0;0.0;0.00300710770913
cellphone;0.0625;0.0;0.0;0.0;0.04;0.0;0.0;0.0;0.0;0.0;0.025;0.0;0.0;0.0;;0.0;0.0;0.0;0.0;0.0;0.0;0.0;0.0;0.0;0.0;0.0;0.0;0.0;0.0;0.0;0.0;0.0;0.0;0.0;0.0;0.0;0.0;0.00526315789474;0.0;0.0;0.0;0.0;0.0;0.0;;0.0192307692308;0.0;0.0;0.0;0.0;0.0;0.0;;0.0;0.0;;;0.0;0.0;0.0;0.0;0.0;0.0;0.0;0.0;0.0333333333333;0.012987012987;0.0;0.0;;0.0;;0.0;0.0;;0.0;0.0;;0.0;0.0;0.0;0.0;0.0;0.0;0.0;0.0;;0.0;0.0;0.0;0.0;0.0;0.0;0.05;0.0;0.0;0.0;;;0.0;0.0;0.0;0.00464734827775
chair;0.0;0.00625;0.0;0.0;0.0133333333333;0.0;0.0;0.0;0.0;0.0;0.025;0.0;0.0;0.0;;0.0;0.0;0.0;0.0;0.0;0.0;0.0;0.0;0.0;0.0;0.0;0.0;0.0;0.0;0.0;0.0;0.0;0.0;0.0;0.0;0.0;0.0;0.0;0.0;0.0;0.0;0.0;0.0;0.0;;0.0192307692308;0.0;0.0;0.0;0.0;0.0;0.0;;0.0;0.0;;;0.0;0.0;0.0;0.0;0.0;0.0;0.0;0.0;0.0;0.00324675324675;0.0;0.0;;0.0;;0.0;0.0;;0.0;0.0;;0.0;0.0;0.0;0.0;0.0;0.0;0.0;0.0;;0.0;0.0;0.0;0.0;0.0;0.0;0.0;0.0;0.0;0.0;;;0.0;0.0;0.0;0.00191361399672
chandelier;0.0;0.03125;0.0;0.0;0.0133333333333;0.0;0.0;0.0;0.0;0.0185185185185;0.0;0.0;0.0;0.0;;0.0;0.0;0.0;0.0;0.0;0.0217391304348;0.0;0.0;0.0;0.0;0.0;0.0;0.0;0.0;0.0;0.0;0.0;0.0;0.0;0.0;0.0;0.0238095238095;0.0105263157895;0.00574712643678;0.0;0.0;0.0;0.0;0.0;;0.0;0.0;0.0;0.0;0.0384615384615;0.0;0.0;;0.0;0.0;;;0.0;0.0;0.0;0.0;0.0;0.0;0.0;0.0;0.0;0.0;0.0;0.0;;0.0;;0.0;0.0;;0.0384615384615;0.0;;0.0;0.0;0.0;0.0;0.0227272727273;0.0;0.0;0.0;;0.0294117647059;0.0;0.0;0.0;0.0;0.0;0.0;0.0;0.0125;0.0;;;0.0;0.0;0.0;0.00628758884636
cougar_body;0.0;0.003125;0.0;0.0;0.0133333333333;0.0;0.0;0.0;0.0;0.0;0.0;0.0;0.0;0.0;;0.0;0.0227272727273;0.0;0.0;0.0;0.0;0.0;0.0;0.0;0.0;0.0;0.0;0.0;0.0;0.03125;0.0;0.0;0.0;0.0;0.0;0.0;0.0;0.00526315789474;0.00574712643678;0.0;0.0;0.0;0.0;0.0;;0.0;0.0;0.0;0.0;0.0;0.0;0.0;;0.0;0.025;;;0.0;0.0;0.0;0.0;0.0;0.0;0.0;0.0;0.0;0.00649350649351;0.0;0.0;;0.0;;0.0;0.0;;0.0;0.0;;0.0;0.0;0.0;0.0;0.0;0.0;0.0;0.0;;0.0294117647059;0.0;0.0;0.0;0.0;0.0;0.0;0.0;0.0;0.0;;;0.0;0.0;0.0;0.00300710770913
cougar_face;0.0;0.0;0.0;0.0;0.0466666666667;0.0;0.0;0.0;0.0;0.0;0.0;0.0;0.0;0.0;;0.0;0.0;0.0;0.0;0.0;0.0;0.0;0.0;0.0;0.0;0.0;0.0;0.0;0.0;0.0;0.0;0.0;0.0;0.0;0.0;0.0;0.0;0.0105263157895;0.00574712643678;0.0;0.0;0.0;0.0;0.0;;0.0;0.0;0.0;0.0;0.0;0.0;0.0;;0.0416666666667;0.025;;;0.0108695652174;0.0;0.0;0.0;0.0;0.0;0.0;0.0;0.0;0.00649350649351;0.0;0.0;;0.0;;0.0;0.0;;0.0;0.0;;0.0;0.0;0.0;0.0;0.0;0.0;0.0;0.0;;0.0294117647059;0.0;0.0;0.0;0.0;0.0;0.0;0.0;0.0;0.0;;;0.0;0.0;0.0;0.00437397484964
crab;0.0;0.0;0.0;0.0;0.02;0.0;0.0;0.0;0.0;0.0;0.0;0.0;0.03125;0.0;;0.0;0.0;0.0;0.0;0.0;0.0;0.0;0.0;0.0357142857143;0.0;0.0;0.0;0.0;0.0;0.03125;0.0;0.0;0.0;0.0;0.0;0.0;0.0;0.0263157894737;0.0;0.0;0.0;0.0;0.0;0.0;;0.0;0.0;0.0;0.0;0.0;0.0;0.0;;0.0;0.0;;;0.0;0.0;0.0;0.0;0.0;0.0;0.0;0.0;0.0;0.00324675324675;0.0;0.0;;0.0;;0.0;0.0;;0.0;0.0;;0.0;0.0;0.0;0.0;0.0;0.0;0.0;0.0;;0.0588235294118;0.0;0.0;0.0;0.0;0.0;0.0;0.0;0.0;0.0;;;0.0;0.0;0.0;0.00382722799344
crayfish;0.0;0.009375;0.0;0.0;0.04;0.0;0.0;0.0;0.0;0.0;0.0;0.0;0.0;0.0;;0.0;0.0;0.0;0.0;0.0;0.0;0.0454545454545;0.0;0.0;0.0238095238095;0.0;0.0;0.0;0.0;0.0;0.0;0.0;0.0;0.0;0.0;0.0;0.0;0.00526315789474;0.00574712643678;0.0;0.0;0.0;0.0;0.0;;0.0;0.0;0.0833333333333;0.0;0.0;0.0;0.0;;0.0416666666667;0.025;;;0.0217391304348;0.0;0.0;0.0;0.0;0.0;0.0;0.0;0.0;0.00324675324675;0.0;0.0;;0.0;;0.0;0.0;;0.0;0.0384615384615;;0.0;0.0;0.0;0.0;0.0;0.0;0.0;0.0;;0.0;0.0;0.0;0.0;0.0;0.0625;0.0;0.0;0.0;0.0;;;0.0;0.0;0.0;0.00574084199016
crocodile;0.0;0.003125;0.0;0.0;0.0;0.0;0.0;0.0;0.0;0.0;0.0;0.0;0.0;0.0;;0.0;0.0;0.0;0.0;0.0;0.0217391304348;0.0;0.0;0.0;0.0;0.0;0.0;0.0;0.0;0.0;0.0;0.0;0.0;0.0;0.0;0.0;0.0;0.0105263157895;0.0;0.0;0.0;0.0;0.0;0.0;;0.0;0.0;0.0;0.0;0.0;0.0;0.0;;0.0;0.0;;;0.0217391304348;0.0;0.0;0.0;0.0;0.0;0.0;0.0;0.0;0.0;0.0;0.0;;0.0;;0.0;0.0;;0.0;0.0;;0.0;0.0;0.0;0.0;0.0;0.0;0.0;0.0;;0.0;0.0;0.0;0.0;0.0;0.0;0.025;0.0;0.0;0.0;;;0.0;0.0;0.0;0.00191361399672
crocodile_head;0.0;0.00625;0.0;0.0;0.0;0.0;0.0;0.0;0.0;0.0;0.0;0.0;0.0;0.0;;0.0;0.0;0.0;0.0;0.0;0.0;0.0;0.0;0.0;0.0;0.0714285714286;0.0;0.0;0.0;0.0;0.0;0.0;0.0;0.0;0.0;0.0;0.0;0.00526315789474;0.00574712643678;0.0;0.0;0.0;0.0;0.0;;0.0;0.0227272727273;0.0;0.0;0.0;0.0;0.0;;0.0;0.0;;;0.0108695652174;0.0;0.0;0.0;0.0;0.0;0.0;0.0;0.0;0.00324675324675;0.0;0.0;;0.0;;0.0;0.0;;0.0;0.0;;0.0;0.0;0.0;0.0;0.0;0.0;0.0;0.0;;0.0;0.0;0.0;0.0;0.0;0.0;0.0;0.0;0.0;0.0;;;0.0;0.0;0.0;0.00218698742482
cup;0.0;0.0;0.0;0.0;0.0266666666667;0.0;0.0;0.0;0.0;0.0;0.0;0.0;0.0;0.0;;0.0;0.0;0.0;0.0;0.0;0.0;0.0;0.0;0.0;0.0;0.0;0.0;0.0;0.0;0.0;0.0;0.0;0.0;0.0;0.0;0.0;0.0;0.0105263157895;0.0;0.0;0.0;0.0;0.0;0.0;;0.0;0.0;0.0;0.0;0.0;0.0;0.0;;0.0;0.0;;;0.0108695652174;0.0;0.0;0.0;0.0;0.0;0.0;0.0;0.0;0.00324675324675;0.0;0.0;;0.0;;0.0;0.0;;0.0;0.0;;0.0;0.0;0.0;0.0;0.0;0.0;0.0;0.0;;0.0294117647059;0.0;0.0;0.0;0.0;0.0;0.0;0.0;0.025;0.0;;;0.0;0.0;0.0;0.00300710770913
dalmatian;0.125;0.00625;0.0;0.0;0.02;0.0;0.0;0.0;0.0;0.0;0.0;0.0;0.0;0.0;;0.0;0.0;0.0;0.0;0.0;0.0;0.0;0.0;0.0;0.0;0.0;0.0;0.0;0.0333333333333;0.0;0.0;0.0;0.0;0.0;0.0;0.0;0.0;0.0157894736842;0.0114942528736;0.0;0.0;0.0;0.0;0.0;;0.0;0.0;0.0;0.0;0.0;0.0;0.0;;0.0;0.025;;;0.0;0.0;0.0;0.0;0.0625;0.0;0.0;0.0;0.0;0.0;0.0;0.0;;0.0;;0.0;0.0;;0.0;0.0;;0.0;0.0;0.0;0.0;0.0;0.0;0.0;0.0;;0.0;0.0;0.0;0.0;0.0;0.0;0.0;0.0;0.0;0.0;;;0.0;0.0;0.0;0.00410060142154
dollar_bill;0.0;0.003125;0.0;0.0;0.02;0.0;0.0;0.0;0.0;0.0;0.0;0.0;0.0;0.0;;0.0;0.0227272727273;0.0;0.0;0.0;0.0;0.0;0.0;0.0;0.0;0.0;0.0;0.0;0.0;0.09375;0.0;0.0;0.0;0.0;0.0;0.0;0.0;0.0105263157895;0.0172413793103;0.0;0.0;0.0;0.0;0.0;;0.0;0.0;0.0;0.0;0.0;0.0;0.0;;0.0416666666667;0.0;;;0.0;0.0;0.0;0.0;0.0;0.0;0.0;0.0;0.0333333333333;0.00324675324675;0.0;0.0;;0.0;;0.0;0.0;;0.0;0.0;;0.0;0.0;0.0;0.0;0.0;0.0;0.0;0.0;;0.0;0.0;0.0;0.0;0.0;0.0;0.0;0.0;0.0;0.0;;;0.0;0.0;0.0;0.00437397484964
dolphin;0.0;0.015625;0.0;0.0;0.00666666666667;0.0;0.0;0.0;0.0;0.0;0.0;0.0;0.0;0.0;;0.0;0.0;0.0;0.0;0.0;0.0;0.0;0.0;0.0;0.0;0.0;0.0;0.0;0.0;0.0;0.0588235294118;0.0;0.0;0.0384615384615;0.0;0.0;0.0;0.0;0.0114942528736;0.0;0.0;0.0;0.0;0.0;;0.0;0.0909090909091;0.0;0.0;0.0;0.0;0.0;;0.0416666666667;0.025;;;0.0;0.0;0.0;0.0;0.0;0.0;0.0;0.0;0.0;0.0;0.0;0.0;;0.0;;0.0;0.0;;0.0;0.0;;0.0;0.0;0.0;0.0;0.0;0.0;0.0;0.0;;0.0;0.0;0.0;0.0;0.0;0.0;0.0;0.0;0.0;0.0;;;0.0;0.0;0.0;0.00464734827775
dragonfly;0.0;0.003125;0.0454545454545;0.0;0.02;0.0;0.0;0.0;0.0;0.0;0.0;0.0;0.0;0.0;;0.0;0.0;0.0;0.0;0.0;0.0217391304348;0.0;0.0;0.0;0.0;0.0;0.0;0.0;0.0;0.0;0.0;0.0;0.0;0.0;0.0;0.0;0.0;0.00526315789474;0.0;0.0;0.0;0.0;0.0;0.0;;0.0;0.0;0.0;0.0;0.0;0.0;0.0;;0.0;0.0;;;0.0108695652174;0.0;0.0;0.0;0.0;0.0;0.0;0.0;0.0;0.00974025974026;0.0;0.0;;0.0;;0.0714285714286;0.0;;0.0;0.0;;0.0625;0.0;0.0;0.0;0.0;0.0;0.0;0.0;;0.0;0.0;0.0;0.0;0.0;0.0625;0.0;0.0;0.0;0.0;;;0.0;0.0;0.0;0.00382722799344
electric_guitar;0.0;0.003125;0.0;0.0;0.02;0.0;0.0;0.0;0.0;0.0;0.0;0.0;0.03125;0.0;;0.0;0.0227272727273;0.0;0.0;0.0;0.0;0.0;0.0;0.0;0.0;0.0;0.0;0.0;0.0;0.0;0.0;0.0;0.0357142857143;0.0;0.0;0.0;0.0;0.0105263157895;0.0;0.0;0.0;0.0;0.0;0.0;;0.0;0.0;0.0;0.0;0.0;0.0;0.0;;0.0;0.0;;;0.0;0.0;0.0;0.0;0.0;0.0;0.0;0.0;0.0;0.00974025974026;0.0;0.0;;0.0;;0.0;0.0;;0.0;0.0;;0.0;0.0;0.0;0.0;0.0;0.0;0.0;0.0;;0.0;0.0;0.0;0.0;0.0;0.0;0.0;0.0;0.0125;0.0;;;0.0;0.0;0.0416666666667;0.00382722799344
elephant;0.0;0.00625;0.0;0.0;0.00666666666667;0.0;0.0;0.0;0.0;0.0;0.0;0.0;0.0;0.0;;0.0;0.0227272727273;0.0;0.0;0.0;0.0;0.0;0.0;0.0;0.0;0.0;0.0;0.0;0.0;0.0;0.0;0.0;0.0;0.0769230769231;0.0;0.0;0.0;0.00526315789474;0.0114942528736;0.0;0.0;0.0;0.0;0.0;;0.0192307692308;0.0;0.0;0.0;0.0;0.0;0.0;;0.0;0.0;;;0.0;0.0;0.0;0.0;0.0;0.0;0.0;0.0;0.0333333333333;0.00324675324675;0.0;0.0;;0.0;;0.0;0.0;;0.0;0.0;;0.0;0.0;0.0;0.0;0.0;0.0;0.0;0.0;;0.0;0.0;0.0;0.0;0.0277777777778;0.0;0.0;0.0;0.0;0.0;;;0.0;0.0;0.0;0.00355385456534
emu;0.0;0.003125;0.0;0.0;0.0;0.0;0.0;0.0;0.0;0.0;0.0;0.0;0.0;0.0;;0.0;0.0;0.0;0.0;0.0;0.0;0.0;0.0;0.0357142857143;0.0;0.0714285714286;0.0;0.0;0.0;0.03125;0.0;0.0;0.0;0.0;0.0;0.0;0.0;0.0105263157895;0.0172413793103;0.0;0.0;0.0;0.0;0.0;;0.0;0.0;0.0;0.0;0.0;0.0;0.0;;0.0;0.0;;;0.0108695652174;0.0277777777778;0.0;0.0;0.0;0.0;0.0;0.0;0.0;0.00324675324675;0.0;0.0;;0.0;;0.0;0.0;;0.0;0.0;;0.0;0.0;0.0;0.0;0.0;0.0;0.0;0.0;;0.0;0.0;0.0;0.0;0.0;0.0;0.0;0.0;0.0125;0.0;;;0.0;0.0;0.0;0.00355385456534
euphonium;0.0625;0.003125;0.0;0.0;0.00666666666667;0.0;0.0;0.0;0.0;0.0;0.0;0.0;0.0;0.0;;0.0;0.0;0.0;0.0;0.0;0.0217391304348;0.0;0.0;0.0;0.0;0.0;0.0;0.0;0.0;0.0;0.0;0.0;0.0;0.0;0.0;0.0714285714286;0.0;0.00526315789474;0.0;0.0;0.0;0.0;0.0;0.0;;0.0;0.0;0.0;0.0;0.0;0.0;0.0;;0.0;0.0;;;0.0;0.0;0.0;0.0;0.0;0.0;0.0;0.0;0.0;0.0162337662338;0.0;0.0;;0.0;;0.0;0.0;;0.0;0.0;;0.0;0.0;0.0;0.0;0.0;0.0;0.0;0.0;;0.0;0.0;0.0;0.0;0.0;0.0;0.025;0.0;0.0125;0.0;;;0.0;0.0;0.0;0.00382722799344
ewer;0.0;0.03125;0.0;0.0;0.00666666666667;0.0;0.0;0.0;0.0;0.0;0.0;0.0;0.0;0.0;;0.0;0.0227272727273;0.0;0.0;0.0;0.0;0.0;0.0;0.0;0.0;0.0;0.0;0.0;0.0;0.03125;0.0;0.0;0.0;0.0;0.0;0.0;0.0;0.00526315789474;0.0114942528736;0.0;0.0;0.0;0.0;0.0;;0.0;0.0;0.0;0.0;0.0;0.0;0.0;;0.0;0.025;;;0.0;0.0;0.0;0.0;0.0;0.0;0.0277777777778;0.0;0.0;0.00649350649351;0.0;0.0;;0.0;;0.0;0.0;;0.0;0.0;;0.0;0.0;0.0;0.0;0.0;0.0;0.0;0.0;;0.0;0.0;0.0;0.0;0.0;0.0;0.0;0.0;0.0125;0.0;;;0.0;0.0;0.0;0.00574084199016
Faces;0.0;0.00625;0.0;0.0;0.0;0.0;0.0;0.0;0.0;0.0;0.0;0.0;0.0;0.0;;0.0;0.0227272727273;0.0;0.0;0.0;0.0;0.0;0.0;0.0;0.0;0.0;0.0;0.0;0.0;0.0;0.0;0.0;0.0;0.0;0.0;0.0;0.0;0.284210526316;0.201149425287;0.0;0.0;0.0;0.0;0.0;;0.0;0.0;0.0;0.0;0.0;0.0;0.0;;0.0;0.025;;;0.0;0.0;0.0;0.0;0.0;0.0;0.0;0.0;0.0;0.00649350649351;0.0;0.0;;0.0;;0.0;0.0;;0.0;0.0;;0.0;0.0;0.0;0.0;0.0;0.0;0.0;0.0;;0.0;0.0;0.0;0.0;0.0;0.0;0.0;0.0;0.0;0.0;;;0.0;0.0;0.0;0.0259704756698
Faces_easy;0.0;0.0;0.0;0.0;0.00666666666667;0.0;0.0;0.0;0.0;0.0;0.0;0.0;0.0;0.0;;0.0;0.0227272727273;0.0;0.0;0.0;0.0;0.0;0.0;0.0;0.0;0.0;0.0;0.0;0.0;0.0;0.0;0.0;0.0;0.0;0.0;0.0;0.0;0.0578947368421;0.425287356322;0.0;0.0;0.0;0.0;0.0;;0.0;0.0;0.0;0.0;0.0;0.0;0.0;;0.0;0.0;;;0.0;0.0;0.0;0.0;0.0;0.0;0.0;0.0;0.0;0.0;0.0;0.0;;0.0;;0.0;0.0;;0.0;0.0;;0.0;0.0;0.0;0.0;0.0;0.0;0.0;0.0;;0.0;0.0;0.0;0.0;0.0;0.0;0.0;0.0;0.0;0.0;;;0.0;0.0;0.0;0.0237834882449
ferry;0.0;0.009375;0.0;0.0;0.0;0.0;0.0;0.0;0.0;0.0;0.0;0.0;0.0;0.0;;0.0;0.0;0.0;0.0;0.0;0.0;0.0;0.0;0.0;0.0;0.0;0.0;0.0;0.0;0.0;0.0;0.0;0.0;0.0;0.0;0.0;0.0;0.0157894736842;0.00574712643678;0.0454545454545;0.0;0.0;0.0;0.0;;0.0;0.0227272727273;0.0;0.0;0.0;0.0;0.0;;0.0;0.0;;;0.0;0.0;0.0;0.0;0.0;0.0;0.0;0.0;0.0;0.00324675324675;0.0;0.0;;0.0;;0.0;0.0;;0.0;0.0;;0.0;0.0;0.0;0.0;0.0;0.0;0.0;0.0;;0.0;0.0;0.0;0.0;0.0;0.0;0.0;0.0;0.0125;0.0;;;0.0;0.0;0.0;0.00300710770913
flamingo;0.0625;0.003125;0.0;0.0;0.0;0.0;0.0;0.0;0.0;0.0;0.0;0.0;0.0;0.0;;0.0;0.0;0.0;0.0;0.0;0.0;0.0;0.0;0.0;0.0;0.0;0.0;0.0454545454545;0.0;0.0;0.0;0.0;0.0;0.0;0.0;0.0357142857143;0.0;0.0;0.00574712643678;0.0454545454545;0.1;0.125;0.0;0.0;;0.0;0.0;0.0;0.0;0.0;0.0;0.0;;0.0;0.0;;;0.0;0.0;0.0;0.0;0.0;0.0;0.0;0.0;0.0;0.0;0.0;0.0;;0.0;;0.0;0.0;;0.0;0.0;;0.0;0.0;0.0;0.0;0.0;0.0;0.0;0.0;;0.0;0.0;0.0;0.0;0.0;0.0;0.025;0.0;0.0;0.0;;;0.0;0.0;0.0;0.00273373428103
flamingo_head;0.0;0.00625;0.0;0.0;0.0;0.0;0.0;0.0;0.0;0.0;0.0;0.0;0.0;0.0;;0.0;0.0;0.0;0.0;0.0;0.0;0.0;0.0;0.0;0.0;0.0;0.0;0.0;0.0;0.0;0.0;0.0;0.0;0.0;0.0;0.0;0.0;0.00526315789474;0.0;0.0;0.0;0.0;0.0;0.0;;0.0;0.0;0.0;0.0;0.0;0.0;0.0;;0.0;0.0;;;0.0;0.0;0.0;0.0;0.0;0.0;0.0;0.0;0.0;0.0;0.0;0.0;;0.0;;0.0;0.0;;0.0;0.0;;0.0;0.0;0.0;0.0;0.0;0.0;0.0;0.0;;0.0;0.0;0.0;0.0;0.0;0.0;0.0;0.0;0.0125;0.0;;;0.0;0.0;0.0;0.00109349371241
garfield;0.0;0.0;0.0;0.0;0.0133333333333;0.0;0.0;0.0;0.0;0.0;0.0;0.0;0.0;0.0;;0.0;0.0;0.0;0.0;0.0;0.0;0.0;0.0;0.0;0.0;0.0;0.0;0.0;0.0;0.0;0.0;0.0;0.0;0.0;0.0;0.0;0.0;0.0;0.0;0.0;0.0;0.0;0.0625;0.0;;0.0;0.0;0.0;0.0;0.0;0.0;0.0;;0.0;0.0;;;0.0;0.0;0.0;0.0;0.0;0.0;0.0;0.0;0.0;0.00324675324675;0.0;0.0;;0.0;;0.0;0.0;;0.0;0.0;;0.125;0.0;0.0;0.0714285714286;0.0;0.0;0.0;0.0;;0.0;0.0;0.0;0.0;0.0277777777778;0.0;0.0;0.0;0.0;0.0;;;0.0;0.0;0.0;0.00218698742482
gerenuk;0.0;0.003125;0.0;0.0;0.0;0.0;0.0;0.0;0.0;0.0;0.0;0.0;0.0;0.0;;0.0;0.0;0.0;0.0;0.0;0.0;0.0;0.0;0.0;0.0;0.0;0.0;0.0;0.0;0.03125;0.0;0.0;0.0;0.0;0.0;0.0;0.0;0.00526315789474;0.0;0.0;0.0;0.0;0.0;0.1;;0.0;0.0;0.0;0.0;0.0;0.0;0.0;;0.0416666666667;0.0;;;0.0;0.0;0.0;0.0;0.0;0.0;0.0;0.0;0.0;0.0;0.0;0.0;;0.0;;0.0;0.0;;0.0;0.0;;0.0;0.0;0.0;0.0;0.0;0.0;0.0;0.0;;0.0;0.0;0.0;0.0;0.0;0.0;0.0;0.0;0.0;0.0;;;0.0;0.0;0.0;0.00136686714051
gramophone;0.0;0.00625;0.0;0.0;0.02;0.0;0.0;0.0;0.0;0.0;0.0;0.0;0.0;0.0;;0.0;0.0;0.0;0.0;0.0;0.0;0.0;0.0;0.0;0.0;0.0;0.0;0.0;0.0;0.0;0.0;0.0;0.0;0.0;0.0;0.0;0.0;0.0105263157895;0.00574712643678;0.0;0.0;0.125;0.0;0.0;;0.0;0.0;0.0;0.0;0.0;0.0;0.0;;0.0;0.0;;;0.0;0.0;0.0;0.0;0.0;0.0;0.0;0.0;0.0;0.00324675324675;0.0;0.0;;0.0;;0.0;0.0;;0.0;0.0;;0.0;0.0;0.0;0.0;0.0;0.0;0.0;0.0;;0.0;0.0;0.0;0.0;0.0;0.0;0.0;0.0;0.0125;0.0;;;0.0;0.0;0.0;0.00300710770913
grand_piano;0.0625;0.015625;0.0;0.0;0.04;0.0;0.0;0.0;0.0;0.0185185185185;0.0;0.0;0.0;0.0;;0.0;0.0;0.0;0.0;0.0;0.0;0.0;0.0;0.0;0.0;0.0;0.0;0.0;0.0;0.0;0.0;0.0;0.0;0.0;0.0;0.0;0.0;0.0;0.0114942528736;0.0;0.0;0.0;0.0;0.0;;0.0961538461538;0.0227272727273;0.0;0.0;0.0;0.0;0.0;;0.0;0.0;;;0.0;0.0;0.0;0.0;0.0;0.0;0.0;0.0;0.0;0.00974025974026;0.0;0.0;;0.0;;0.0;0.0;;0.0;0.0;;0.0;0.0;0.0;0.0;0.0;0.0;0.0;0.1;;0.0;0.0625;0.0;0.0;0.0;0.0;0.0;0.0;0.0;0.0;;;0.0;0.0;0.0;0.00710770913067
hawksbill;0.0625;0.01875;0.0;0.0;0.0133333333333;0.0;0.0;0.0;0.0;0.0;0.0;0.0;0.0;0.0;;0.0;0.0227272727273;0.0;0.0;0.0;0.0;0.0;0.0;0.0;0.0;0.0;0.0;0.0;0.0;0.0;0.0588235294118;0.0;0.0;0.0;0.0;0.0;0.0;0.0;0.00574712643678;0.0;0.0;0.0;0.0;0.0;;0.0;0.113636363636;0.0;0.0;0.0;0.0333333333333;0.0;;0.0;0.0;;;0.0;0.0;0.0;0.0;0.0;0.0;0.0;0.0;0.0;0.00649350649351;0.0;0.0;;0.0;;0.0;0.0;;0.0;0.0;;0.0;0.0;0.0;0.0;0.0;0.0416666666667;0.0;0.0;;0.0;0.0;0.0;0.0;0.0;0.0;0.0;0.0;0.0;0.0;;;0.0;0.0;0.0;0.00601421541826
headphone;0.0;0.0;0.0;0.0;0.0;0.0;0.0;0.0;0.0;0.0;0.0;0.0;0.0;0.0;;0.0;0.0;0.0;0.0;0.0;0.0;0.0;0.0;0.0;0.0;0.0;0.0;0.0;0.0;0.0;0.0;0.0;0.0;0.0;0.0;0.0;0.0;0.0;0.0;0.0;0.0;0.0;0.0;0.0;;0.0192307692308;0.0;0.0;0.0;0.0;0.0;0.0;;0.0;0.0;;;0.0;0.0;0.0;0.0;0.0;0.0;0.0;0.0;0.0;0.012987012987;0.0;0.0;;0.0;;0.0;0.0;;0.0;0.0;;0.0;0.0;0.0;0.0;0.0227272727273;0.0;0.0;0.0;;0.0;0.0;0.0;0.0;0.0;0.0;0.0;0.0;0.0;0.0;;;0.0;0.0;0.0;0.00164024056862
hedgehog;0.0;0.003125;0.0;0.0;0.0133333333333;0.0;0.0;0.0;0.0;0.0;0.0;0.0;0.0;0.0;;0.0;0.0;0.0;0.0;0.0;0.0;0.0;0.0;0.0;0.0;0.0;0.0;0.0;0.0;0.0;0.0;0.0;0.0;0.0;0.0;0.0;0.0;0.0105263157895;0.0;0.0;0.0;0.0;0.0;0.0;;0.0;0.0;0.0;0.0;0.0;0.0;0.0;;0.0833333333333;0.0;;;0.0108695652174;0.0;0.0;0.0;0.0;0.0;0.0;0.0;0.0;0.00324675324675;0.0;0.0;;0.0;;0.0;0.0;;0.0;0.0;;0.0;0.0;0.0;0.0;0.0227272727273;0.0;0.0;0.0;;0.0;0.0;0.0;0.0;0.0277777777778;0.0;0.0;0.0;0.0125;0.0;;;0.0;0.0;0.0;0.00328048113723
helicopter;0.0;0.0125;0.0;0.0;0.02;0.0;0.0;0.0;0.0;0.0;0.025;0.0;0.0;0.0;;0.0;0.0;0.0;0.0;0.0;0.0;0.0;0.03125;0.0;0.0;0.0;0.0;0.0;0.0;0.0;0.0;0.0357142857143;0.0;0.0;0.0;0.0;0.0;0.00526315789474;0.0;0.0;0.0;0.0;0.0;0.0;;0.0;0.0;0.0;0.0;0.0;0.0;0.0;;0.0;0.0;;;0.0108695652174;0.0;0.0;0.0;0.0;0.0;0.0;0.0;0.0;0.00324675324675;0.0;0.0;;0.0;;0.0;0.0;;0.0;0.0;;0.0;0.0;0.0;0.0;0.0;0.0;0.0;0.0;;0.0;0.0;0.0;0.0;0.0;0.0;0.0;0.0;0.0;0.0;;;0.0;0.0;0.0;0.00355385456534
ibis;0.0;0.015625;0.0;0.0;0.00666666666667;0.0;0.0;0.0;0.0;0.0185185185185;0.0;0.0;0.0;0.0;;0.0;0.0;0.0;0.0;0.0;0.0;0.0;0.0;0.0;0.0;0.0;0.0;0.0;0.0;0.0;0.0;0.0;0.0;0.0;0.0;0.0;0.0;0.0105263157895;0.0;0.0;0.0;0.0;0.0;0.0;;0.0;0.0;0.0;0.0;0.0;0.0;0.0;;0.0;0.0;;;0.0217391304348;0.0;0.0;0.0;0.0;0.0;0.0;0.0;0.0;0.00649350649351;0.0;0.0;;0.0;;0.0714285714286;0.0;;0.0;0.0;;0.0;0.0;0.0;0.0;0.0;0.0;0.0;0.0;;0.0;0.0;0.0;0.0;0.0;0.0;0.025;0.0;0.0;0.0;;;0.0;0.0;0.0;0.00410060142154
inline_skate;0.0;0.0;0.0;0.0;0.00666666666667;0.0;0.0;0.0;0.0;0.0;0.0;0.0;0.0;0.0;;0.0;0.0;0.0;0.0;0.0;0.0;0.0;0.0;0.0;0.0;0.0;0.0;0.0;0.0;0.0;0.0;0.0;0.0;0.0;0.0;0.0;0.0238095238095;0.00526315789474;0.0;0.0;0.0;0.0;0.0;0.0;;0.0;0.0;0.0;0.0;0.0;0.0;0.0625;;0.0;0.0;;;0.0;0.0;0.0;0.0;0.0;0.0;0.0;0.0;0.0;0.012987012987;0.0;0.0;;0.0;;0.0;0.0;;0.0;0.0;;0.0;0.0;0.0;0.0;0.0;0.0;0.0;0.0;;0.0;0.0;0.0;0.0;0.0;0.0;0.0;0.0;0.0;0.0;;;0.0;0.0;0.0;0.00218698742482
joshua_tree;0.0;0.0;0.0;0.0;0.0133333333333;0.0;0.0;0.0;0.0;0.0;0.0;0.0;0.0;0.0;;0.0;0.0;0.0;0.0;0.0;0.0;0.0454545454545;0.0;0.0;0.0;0.0;0.0;0.0;0.0;0.0;0.0294117647059;0.0;0.0;0.0;0.0384615384615;0.0;0.0;0.0105263157895;0.0172413793103;0.0;0.0;0.0;0.0;0.0;;0.0;0.0;0.0;0.0;0.0;0.0;0.0;;0.0;0.0;;;0.0;0.0;0.0;0.0;0.0;0.0;0.0;0.0;0.0;0.0;0.0;0.0;;0.0;;0.0;0.0;;0.0;0.0;;0.0;0.0;0.0;0.0;0.0;0.0;0.0;0.0;;0.0;0.0;0.0;0.0;0.0;0.0;0.0;0.0;0.0125;0.0;;;0.0;0.0;0.0;0.00300710770913
kangaroo;0.0;0.00625;0.0;0.0;0.0133333333333;0.0;0.0;0.0;0.0;0.0;0.0;0.0;0.0;0.0;;0.0;0.0;0.0;0.0;0.0;0.0;0.0;0.0;0.0;0.0;0.0;0.0;0.0;0.0;0.0;0.0;0.0;0.0;0.0;0.0;0.0;0.0;0.0105263157895;0.00574712643678;0.0;0.0;0.0;0.0;0.0;;0.0;0.0;0.0;0.0;0.0;0.0;0.0;;0.0;0.025;;;0.0217391304348;0.0;0.0;0.0;0.0;0.0;0.0;0.0;0.0;0.0;0.0;0.0;;0.0;;0.0;0.0;;0.0;0.0;;0.0;0.0;0.0416666666667;0.0;0.0;0.0;0.0;0.0;;0.0294117647059;0.0;0.0;0.0;0.0;0.0;0.0;0.0;0.0;0.0;;;0.0;0.0;0.0;0.00328048113723
ketch;0.0;0.01875;0.0;0.0;0.00666666666667;0.0;0.0;0.0;0.0;0.0;0.0;0.0;0.0;0.0;;0.0;0.0;0.0;0.0;0.0;0.0;0.0;0.0;0.0;0.0;0.0;0.0;0.0;0.0;0.0;0.0;0.0;0.0;0.0;0.0;0.0;0.0;0.0263157894737;0.0;0.0;0.0;0.0;0.0;0.0;;0.0;0.0227272727273;0.0;0.0;0.0;0.0;0.0;;0.0;0.15;;;0.0;0.0;0.0;0.0;0.0;0.0;0.0;0.0;0.0;0.0;0.0;0.0;;0.0;;0.0;0.0;;0.0;0.0;;0.0;0.0;0.0;0.0;0.0;0.0;0.0;0.0;;0.0;0.0;0.0;0.0;0.0;0.0;0.0;0.0;0.0125;0.0;;;0.0;0.0;0.0;0.00546746856206
lamp;0.0;0.00625;0.0;0.0;0.0133333333333;0.0;0.0454545454545;0.0;0.0;0.0;0.0;0.0;0.0;0.0;;0.0;0.0;0.0;0.0;0.0;0.0;0.0;0.0;0.0;0.0;0.0;0.0;0.0454545454545;0.0;0.0;0.0;0.0;0.0;0.0;0.0;0.0;0.0;0.00526315789474;0.0172413793103;0.0;0.0;0.0;0.0;0.0;;0.0;0.0;0.0833333333333;0.0;0.0;0.0;0.0;;0.0;0.0;;;0.0;0.0;0.0;0.0;0.0;0.0;0.0277777777778;0.0;0.0;0.00324675324675;0.0;0.0;;0.0;;0.0;0.0;;0.0;0.0;;0.0;0.0;0.0;0.0;0.0;0.0;0.0;0.0;;0.0;0.0;0.0;0.0;0.0;0.0;0.0;0.0;0.0;0.0;;;0.0;0.0;0.0;0.00355385456534
laptop;0.0;0.003125;0.0;0.0;0.0266666666667;0.0;0.0;0.0;0.0;0.0;0.0;0.0;0.0;0.0;;0.0;0.0;0.0;0.0;0.0;0.0;0.0;0.0;0.0;0.0;0.0;0.0;0.0;0.0;0.0;0.0;0.0;0.0;0.0;0.0;0.0;0.0;0.0;0.00574712643678;0.0;0.0;0.0;0.0;0.0;;0.0;0.0;0.0;0.0;0.0;0.0;0.0;;0.0;0.0;;;0.0;0.0;0.0;0.0;0.0;0.0;0.0;0.0;0.0333333333333;0.012987012987;0.0;0.0;;0.0;;0.0;0.0;;0.0;0.0384615384615;;0.0;0.0;0.0;0.0;0.0;0.0;0.0;0.0;;0.0;0.0625;0.0;0.0;0.0;0.0;0.0;0.0;0.0;0.0;;;0.0;0.0;0.0;0.00355385456534
Leopards;0.0;0.0;0.0;0.0;0.0;0.0;0.0;0.0;0.0;0.0;0.0;0.0;0.0;0.0;;0.0;0.0;0.0;0.0;0.0;0.0;0.0;0.0;0.0;0.0;0.0;0.0;0.0;0.0;0.0;0.0;0.0;0.0;0.0;0.0;0.0;0.0;0.0;0.0;0.0;0.0;0.0;0.0;0.0;;0.0;0.0;0.0;0.0;0.0;0.0;0.0;;0.0;0.0;;;0.5;0.0;0.0;0.0;0.0;0.0;0.0;0.0;0.0;0.0;0.0;0.0;;0.0;;0.0;0.0;;0.0;0.0;;0.0;0.0;0.0;0.0;0.0;0.0;0.0;0.0;;0.0;0.0;0.0;0.0;0.0;0.0;0.0;0.0;0.0;0.0;;;0.0;0.0;0.0;0.0125751776927
llama;0.0;0.003125;0.0;0.0;0.00666666666667;0.0;0.0;0.0;0.0;0.0;0.0;0.0;0.0;0.0;;0.0;0.0454545454545;0.0;0.0;0.0;0.0;0.0;0.03125;0.0;0.0;0.0;0.0;0.0;0.0;0.0;0.0;0.0;0.0;0.0;0.0;0.0;0.0;0.0421052631579;0.0114942528736;0.0;0.0;0.0;0.0;0.0;;0.0;0.0;0.0;0.0;0.0;0.0;0.0;;0.0;0.0;;;0.0108695652174;0.0;0.0;0.0;0.0;0.0;0.0;0.0;0.0;0.0;0.0;0.0;;0.0;;0.0;0.0416666666667;;0.0;0.0;;0.0;0.0;0.0;0.0;0.0;0.0;0.0;0.0;;0.0;0.0;0.0;0.0;0.0;0.0;0.0;0.0;0.0125;0.0;;;0.0;0.0;0.0;0.00492072170585
lobster;0.0;0.0;0.0;0.0;0.0266666666667;0.0;0.0;0.0;0.0;0.0;0.0;0.0;0.0;0.0;;0.0;0.0;0.0;0.0;0.0;0.0;0.0;0.0;0.0;0.0;0.0;0.0;0.0;0.0;0.0;0.0;0.0;0.0;0.0;0.0;0.0;0.0;0.00526315789474;0.00574712643678;0.0;0.0;0.0;0.0;0.0;;0.0;0.0;0.0;0.0;0.0;0.0;0.0;;0.0;0.0;;;0.0;0.0;0.0;0.0;0.0;0.0;0.0;0.0;0.0;0.0;0.0;0.0;;0.0;;0.0;0.0;;0.0;0.0;;0.0625;0.0;0.0;0.0;0.0;0.0;0.0;0.0;;0.0;0.0;0.0;0.0;0.0;0.0;0.0;0.0;0.0;0.0;;;0.0;0.0;0.0;0.00191361399672
lotus;0.0;0.00625;0.0;0.0;0.0133333333333;0.0;0.0;0.0;0.0;0.0;0.025;0.0;0.0;0.0;;0.0;0.0;0.0;0.0;0.0;0.0;0.0;0.0;0.0;0.0;0.0;0.0;0.0;0.0;0.0;0.0;0.0;0.0;0.0;0.0;0.0;0.0;0.00526315789474;0.0;0.0;0.0;0.0;0.0;0.0;;0.0;0.0;0.0;0.0;0.0;0.0;0.0;;0.0;0.0;;;0.0;0.0;0.0;0.0833333333333;0.0;0.0;0.0;0.0;0.0;0.0;0.0;0.0;;0.0;;0.0;0.0;;0.0;0.0;;0.0;0.0;0.0;0.0;0.0;0.0;0.0;0.0;;0.0;0.0;0.0;0.0;0.0;0.0;0.025;0.0;0.0375;0.0;;;0.0;0.0;0.0;0.00328048113723
mandolin;0.0;0.00625;0.0;0.0;0.0133333333333;0.0;0.0;0.0;0.0;0.0;0.0;0.0;0.0;0.0;;0.0;0.0;0.0;0.0;0.0;0.0;0.0;0.0;0.0;0.0;0.0;0.0;0.0;0.0;0.0;0.0;0.0;0.0;0.0;0.0;0.0357142857143;0.0;0.0;0.0;0.0;0.0;0.0;0.0;0.0;;0.0;0.0;0.0;0.0;0.0;0.0;0.0;;0.0;0.0;;;0.0;0.0;0.0;0.0;0.0;0.0;0.0;0.0;0.0;0.0;0.0;0.0;;0.0;;0.0;0.0;;0.0;0.0;;0.0;0.0;0.0;0.0;0.0227272727273;0.0;0.0;0.0;;0.0;0.0;0.0;0.0;0.0277777777778;0.0;0.0;0.0;0.0125;0.0;;;0.0;0.0;0.0;0.00218698742482
mayfly;0.0;0.00625;0.0;0.0;0.0;0.0;0.0;0.0;0.0;0.0;0.0;0.0;0.0;0.0;;0.0;0.0;0.0;0.0;0.0;0.0;0.0;0.0;0.0;0.0;0.0;0.0;0.0;0.0;0.0;0.0;0.0;0.0;0.0;0.0;0.0;0.0;0.0;0.0;0.0;0.0;0.0;0.0;0.0;;0.0;0.0;0.0;0.0;0.0;0.0;0.0;;0.0;0.0;;;0.0;0.0;0.0;0.0;0.0;0.0714285714286;0.0;0.0;0.0;0.0;0.0;0.0;;0.0;;0.0;0.0;;0.0;0.0;;0.0;0.0;0.0;0.142857142857;0.0;0.0;0.0;0.0;;0.0;0.0;0.0;0.0;0.0;0.0625;0.025;0.0;0.0;0.0;;;0.0;0.0;0.0;0.00191361399672
menorah;0.0;0.003125;0.0;0.0;0.02;0.0;0.0;0.0;0.0;0.0;0.0;0.0;0.03125;0.0;;0.0;0.0;0.0;0.0;0.0;0.0217391304348;0.0;0.0;0.0;0.0;0.0;0.0;0.0;0.0;0.0;0.0;0.0;0.0;0.0384615384615;0.0;0.0;0.0;0.0105263157895;0.00574712643678;0.0;0.0;0.0;0.0;0.0;;0.0;0.0;0.0;0.0;0.0;0.0;0.0;;0.0;0.0;;;0.0;0.0;0.0;0.0;0.0;0.0;0.0277777777778;0.0;0.0;0.00974025974026;0.0;0.0555555555556;;0.0;;0.0;0.0;;0.0;0.0384615384615;;0.0;0.0;0.0;0.0;0.0;0.0;0.0;0.0;;0.0588235294118;0.0;0.0;0.0;0.0;0.0;0.0;0.0;0.0;0.0;;;0.0;0.0;0.0;0.00492072170585
metronome;0.0;0.003125;0.0;0.0;0.0;0.0;0.0;0.0;0.0;0.0;0.0;0.0;0.0;0.0;;0.0;0.0;0.0;0.0;0.0;0.0;0.0;0.0;0.0;0.0;0.0;0.0;0.0;0.0;0.0;0.0;0.0;0.0;0.0;0.0;0.0;0.0;0.00526315789474;0.0;0.0;0.0;0.0;0.0;0.0;;0.0;0.0;0.0833333333333;0.0;0.0;0.0;0.0;;0.0;0.0;;;0.0;0.0;0.0;0.0;0.0;0.0;0.0;0.142857142857;0.0;0.00649350649351;0.0;0.0;;0.0;;0.0;0.0;;0.0;0.0;;0.0;0.0;0.0;0.0;0.0;0.0;0.0;0.0;;0.0;0.0;0.0;0.0;0.0;0.0;0.0;0.0;0.0;0.0;;;0.0;0.0;0.0;0.00191361399672
minaret;0.0;0.003125;0.0;0.0;0.0;0.0;0.0;0.0;0.0;0.0;0.025;0.0;0.0;0.0;;0.0;0.0;0.0;0.0294117647059;0.0;0.0;0.0;0.0;0.0;0.0;0.0;0.0;0.0;0.0;0.0;0.0;0.0;0.0;0.0;0.0;0.0;0.0;0.00526315789474;0.0;0.0;0.0;0.0;0.0;0.0;;0.0;0.0;0.0;0.0;0.0;0.0;0.0;;0.0;0.0;;;0.0;0.0;0.0;0.0;0.0;0.0;0.0;0.0;0.233333333333;0.0;0.0;0.0;;0.0;;0.0;0.0;;0.0;0.0;;0.0;0.0;0.0;0.0;0.0;0.0;0.0;0.0;;0.0;0.0;0.0;0.0;0.0;0.0;0.1;0.0;0.0;0.0;;;0.0;0.0;0.0;0.00410060142154
Motorbikes;0.0;0.015625;0.0;0.0;0.02;0.0;0.0;0.0;0.0;0.0;0.0;0.0;0.0;0.0;;0.0;0.0;0.0;0.0;0.0;0.0;0.0;0.0;0.0;0.0;0.0;0.0;0.0;0.0333333333333;0.0;0.0;0.0;0.0;0.0;0.0;0.0;0.0;0.00526315789474;0.00574712643678;0.0;0.0;0.0;0.0;0.0;;0.0;0.0;0.0;0.0;0.0;0.0;0.0;;0.0;0.0;;;0.0;0.0;0.0;0.0;0.0;0.0;0.0;0.0;0.0;0.457792207792;0.0;0.0;;0.0;;0.0;0.0;;0.0;0.0;;0.0;0.0;0.0;0.0;0.0;0.0;0.125;0.0;;0.0;0.0;0.0;0.0;0.0;0.0;0.025;0.0;0.0;0.0;;;0.0;0.0;0.0;0.0420995079278
nautilus;0.0;0.0;0.0;0.0;0.00666666666667;0.0;0.0;0.0;0.0;0.0;0.025;0.0;0.0;0.0;;0.0;0.0;0.0;0.0;0.0;0.0;0.0;0.03125;0.0;0.0;0.0;0.0;0.0;0.0;0.0;0.0;0.0;0.0;0.0;0.0;0.0;0.0;0.0157894736842;0.0114942528736;0.0;0.0;0.0;0.0;0.0;;0.0;0.0;0.0;0.0;0.0;0.0;0.0;;0.0;0.0;;;0.0;0.0;0.0;0.0;0.0;0.0;0.0277777777778;0.0;0.0333333333333;0.00324675324675;0.0714285714286;0.0;;0.0;;0.0;0.0;;0.0;0.0;;0.0;0.0;0.0;0.0;0.0;0.0;0.0;0.0;;0.0;0.0;0.0;0.0;0.0;0.0;0.0;0.0;0.0125;0.0;;;0.0;0.0;0.0;0.00382722799344
octopus;0.0;0.00625;0.0;0.0;0.0;0.0;0.0;0.0;0.0;0.0;0.0;0.0;0.0;0.0;;0.0;0.0;0.0;0.0;0.0714285714286;0.0;0.0;0.0;0.0;0.0;0.0;0.0;0.0;0.0;0.0;0.0;0.0;0.0;0.0;0.0;0.0;0.0;0.0;0.00574712643678;0.0;0.0;0.0;0.0;0.0;;0.0;0.0;0.0;0.0;0.0;0.0;0.0;;0.0;0.0;;;0.0;0.0;0.0;0.0;0.0;0.0;0.0;0.0;0.0;0.00324675324675;0.0;0.166666666667;;0.0;;0.0;0.0;;0.0;0.0;;0.0;0.0;0.0;0.0;0.0;0.0;0.0;0.0;;0.0;0.0;0.0;0.0;0.0;0.0625;0.0;0.0;0.0;0.0;;;0.0;0.0;0.0;0.00246036085293
okapi;0.0;0.0;0.0;0.0;0.0;0.0;0.0;0.0;0.0;0.0;0.0;0.0;0.0;0.0;;0.0;0.0;0.0;0.0;0.0;0.0;0.0;0.0;0.0;0.0;0.0;0.0;0.0;0.0;0.0;0.0;0.0;0.0;0.0;0.0;0.0;0.0;0.0;0.00574712643678;0.0;0.0;0.0;0.0;0.0;;0.0;0.0;0.0;0.0;0.0;0.0;0.0;;0.0;0.025;;;0.0108695652174;0.0;0.0;0.0;0.0;0.0;0.0;0.0;0.0;0.00974025974026;0.0;0.0;;0.0;;0.0;0.0;;0.0;0.0384615384615;;0.0;0.0;0.0;0.0;0.0;0.0;0.0;0.0;;0.0;0.0;0.0;0.0;0.0;0.0;0.0;0.0;0.0;0.0;;;0.0;0.0;0.0;0.00191361399672
pagoda;0.375;0.0;0.0;0.0;0.0266666666667;0.0;0.0;0.0;0.0;0.0;0.0;0.0;0.0;0.0;;0.0;0.0;0.0;0.0;0.0;0.0;0.0;0.0;0.0357142857143;0.0;0.0;0.0;0.0;0.0;0.0;0.0;0.0;0.0;0.0;0.0;0.0;0.0;0.0;0.0;0.0;0.0;0.0;0.0;0.0;;0.0;0.0;0.0;0.0;0.0;0.0;0.0;;0.0;0.0;;;0.0;0.0;0.0;0.0;0.0;0.0;0.0;0.0;0.0333333333333;0.0;0.0;0.0;;0.0357142857143;;0.0;0.0;;0.0;0.0;;0.0;0.0;0.0;0.0;0.0;0.0;0.0;0.0;;0.0;0.0;0.0;0.0;0.0;0.0;0.025;0.0;0.0;0.0;;;0.0;0.0;0.0;0.00382722799344
panda;0.0;0.003125;0.0;0.0;0.00666666666667;0.0;0.0;0.0;0.0;0.0;0.0;0.0;0.0;0.0;;0.0;0.0;0.0;0.0;0.0;0.0;0.0;0.0;0.0;0.0;0.0;0.0;0.0;0.0;0.0;0.0;0.0;0.0;0.0;0.0384615384615;0.0;0.0;0.0;0.00574712643678;0.0;0.0;0.0;0.0;0.0;;0.0;0.0;0.0833333333333;0.0;0.0;0.0;0.0;;0.0416666666667;0.0;;;0.0;0.0;0.0;0.0;0.0;0.0;0.0;0.0;0.0;0.00324675324675;0.0;0.0;;0.0;;0.0;0.0;;0.0;0.0;;0.0;0.0;0.0;0.0;0.0;0.0;0.0;0.2;;0.0;0.0;0.0;0.0;0.0;0.0;0.0;0.0;0.0;0.0;;;0.0;0.0;0.0416666666667;0.00273373428103
pigeon;0.0;0.003125;0.0;0.0;0.00666666666667;0.0;0.0;0.0;0.0;0.0;0.0;0.0;0.0;0.0;;0.0;0.0;0.0;0.0;0.0;0.0;0.0;0.0;0.0;0.0;0.0;0.0;0.0;0.0;0.0;0.0;0.0;0.0;0.0;0.0;0.0;0.0;0.0;0.0114942528736;0.0;0.0;0.0;0.0;0.0;;0.0;0.0;0.0;0.0;0.0384615384615;0.0;0.0;;0.0;0.025;;;0.0;0.0;0.0;0.0;0.0;0.0;0.0;0.0;0.0;0.00324675324675;0.0;0.0;;0.0;;0.0;0.0;;0.0;0.0;;0.0;0.0;0.0;0.0;0.0;0.0;0.0;0.0;;0.0;0.0;0.0;0.0;0.0;0.0;0.0;0.0;0.0;0.0;;;0.0;0.0;0.0;0.00191361399672
pizza;0.0;0.009375;0.0454545454545;0.0;0.0333333333333;0.0;0.0;0.0;0.0;0.0;0.0;0.0;0.0;0.0;;0.0;0.0;0.0;0.0;0.0;0.0;0.0;0.0;0.0;0.0;0.0;0.0;0.0;0.0;0.0;0.0;0.0;0.0;0.0;0.0;0.0;0.0;0.0;0.00574712643678;0.0;0.0;0.0;0.0;0.0;;0.0;0.0;0.0;0.0;0.0;0.0;0.0;;0.0;0.0;;;0.0;0.0;0.0714285714286;0.0;0.0;0.0;0.0;0.0;0.0;0.00324675324675;0.0;0.0;;0.0;;0.0;0.0;;0.0;0.0;;0.0;0.0;0.0;0.0;0.0;0.0;0.0;0.0;;0.0;0.0;0.0;0.0;0.0;0.0;0.0;0.0;0.0;0.0;;;0.0;0.0;0.0;0.00328048113723
platypus;0.0;0.00625;0.0;0.0;0.00666666666667;0.0;0.0;0.0;0.0;0.0;0.0;0.0;0.0;0.0;;0.0;0.0;0.0;0.0;0.0;0.0;0.0;0.0;0.0;0.0;0.0714285714286;0.0;0.0;0.0;0.0;0.0;0.0;0.0;0.0;0.0;0.0357142857143;0.0;0.0;0.00574712643678;0.0;0.0;0.0;0.0;0.0;;0.0;0.0;0.0;0.0;0.0;0.0;0.0;;0.0;0.0;;;0.0;0.0;0.0;0.0;0.0;0.0;0.0;0.0;0.0;0.0;0.0;0.0;;0.0;;0.0;0.0;;0.0;0.0;;0.0;0.0;0.0;0.0;0.0;0.0;0.0;0.0;;0.0;0.0;0.0;0.0;0.0;0.0;0.0;0.0;0.0;0.0;;;0.0;0.0;0.0;0.00164024056862
pyramid;0.0;0.00625;0.0;0.125;0.02;0.0;0.0;0.0;0.0;0.0;0.0;0.0;0.0;0.0227272727273;;0.0;0.0;0.0;0.0;0.0;0.0;0.0;0.0;0.0;0.0;0.0;0.0;0.0454545454545;0.0;0.0;0.0;0.0;0.0;0.0;0.0;0.0;0.0;0.0;0.00574712643678;0.0;0.0;0.0;0.0;0.0;;0.0;0.0;0.0;0.0;0.0;0.0;0.0;;0.0;0.0;;;0.0108695652174;0.0;0.0;0.0;0.0;0.0;0.0;0.0;0.0;0.00324675324675;0.0;0.0;;0.0;;0.0;0.0;;0.0;0.0;;0.0;0.0;0.0;0.0;0.0;0.0;0.0;0.0;;0.0;0.0;0.0;0.0;0.0277777777778;0.0;0.0;0.0;0.0;0.0;;;0.0;0.0;0.0416666666667;0.00355385456534
revolver;0.0;0.003125;0.0;0.0;0.0266666666667;0.0;0.0;0.0;0.0;0.0;0.0;0.0;0.0;0.0;;0.0;0.0;0.0;0.0;0.0;0.0;0.0;0.0;0.0;0.0;0.0714285714286;0.0;0.0;0.0;0.0;0.0;0.0;0.0;0.0;0.0;0.0;0.0;0.00526315789474;0.0114942528736;0.0;0.0;0.0;0.0;0.0;;0.0;0.0;0.0;0.0;0.0;0.0;0.0;;0.0;0.0;;;0.0;0.0;0.0;0.0;0.0;0.0;0.0;0.0;0.0;0.00649350649351;0.0;0.0;;0.0;;0.0;0.0;;0.0;0.0;;0.0;0.0;0.0;0.0;0.0227272727273;0.0;0.0;0.0;;0.0;0.0;0.0;0.0;0.0;0.0;0.025;0.0;0.0;0.0;;;0.0;0.0;0.0;0.00355385456534
rhino;0.0;0.003125;0.0;0.0;0.00666666666667;0.0;0.0;0.0;0.0;0.0;0.0;0.0;0.0;0.0;;0.0;0.0;0.0;0.0;0.0;0.0;0.0;0.0;0.0357142857143;0.0;0.0;0.0;0.0;0.0;0.0;0.0294117647059;0.0;0.0;0.0;0.0;0.0;0.0;0.0105263157895;0.0172413793103;0.0;0.0;0.0;0.0;0.0;;0.0;0.0;0.0;0.0;0.0;0.0;0.0;;0.0416666666667;0.0;;;0.0108695652174;0.0;0.0;0.0;0.0;0.0;0.0;0.0;0.0;0.0;0.0;0.0;;0.0;;0.0;0.0;;0.0384615384615;0.0;;0.0;0.0;0.0;0.0;0.0;0.0;0.0;0.0;;0.0;0.0;0.0;0.0;0.0;0.0;0.0;0.0;0.0;0.0;;;0.0;0.0;0.0;0.00328048113723
rooster;0.0;0.0;0.0;0.0;0.00666666666667;0.0;0.0;0.0;0.0;0.0;0.0;0.0;0.0;0.0;;0.0;0.0;0.0;0.0;0.0;0.0;0.0;0.0;0.0;0.0;0.0;0.0;0.0;0.0;0.0;0.0;0.0;0.0;0.0;0.0;0.0;0.0;0.0;0.0172413793103;0.0;0.0;0.0;0.0;0.0;;0.0192307692308;0.0;0.0;0.0;0.0;0.0;0.0;;0.0;0.0;;;0.0;0.0;0.0;0.0;0.0;0.0;0.0;0.0;0.0;0.00324675324675;0.0;0.0;;0.0;;0.0;0.0;;0.0;0.0769230769231;;0.0;0.0;0.0;0.0;0.0;0.0;0.0;0.0;;0.0;0.0;0.0;0.0;0.0;0.0;0.0;0.0;0.0;0.0;;;0.0;0.0;0.0;0.00218698742482
saxophone;0.0;0.00625;0.0;0.0;0.0133333333333;0.0;0.0;0.0;0.0;0.0;0.0;0.0;0.0;0.0;;0.0;0.0;0.0;0.0;0.0;0.0;0.0;0.0;0.0;0.0;0.0;0.0;0.0;0.0;0.0;0.0;0.0;0.0;0.0;0.0;0.0;0.0;0.0;0.0114942528736;0.0;0.0;0.0;0.0;0.0;;0.0192307692308;0.0;0.0;0.0;0.0;0.0;0.0;;0.0;0.0;;;0.0;0.0;0.0;0.0;0.0;0.0;0.0277777777778;0.0;0.0;0.00649350649351;0.0;0.0;;0.0;;0.0;0.0;;0.0;0.0;;0.0;0.0;0.0;0.0;0.0;0.0;0.0;0.0;;0.0;0.0;0.0;0.0;0.0;0.0;0.0;0.0;0.0125;0.0;;;0.0;0.0;0.0;0.00300710770913
schooner;0.0;0.00625;0.0;0.0;0.02;0.0;0.0;0.0;0.0;0.0;0.0;0.0;0.0;0.0;;0.0;0.0;0.0;0.0;0.0;0.0;0.0;0.0;0.0;0.0;0.0;0.0;0.0;0.0;0.0;0.0;0.0;0.0;0.0;0.0384615384615;0.0;0.0;0.0;0.0114942528736;0.0;0.0;0.0;0.0;0.0;;0.0;0.0;0.0;0.0;0.0;0.0;0.0;;0.0;0.05;;;0.0;0.0;0.0;0.0;0.0;0.0;0.0;0.0;0.0;0.00324675324675;0.0;0.0;;0.0;;0.0;0.0;;0.0;0.0;;0.0;0.0;0.0416666666667;0.0;0.0;0.0;0.0;0.0;;0.0;0.0;0.0;0.0;0.0;0.0;0.0;0.0;0.0;0.0;;;0.0;0.0;0.0;0.00328048113723
scissors;0.0;0.003125;0.0;0.0;0.00666666666667;0.0;0.0;0.0;0.0;0.0;0.0;0.0;0.0;0.0;;0.0;0.0;0.0;0.0;0.0;0.0;0.0;0.0;0.0;0.0;0.0;0.0;0.0;0.0;0.0;0.0;0.0;0.0;0.0;0.0;0.0;0.0;0.0;0.0;0.0;0.0;0.0;0.0;0.0;;0.0;0.0;0.0;0.0;0.0;0.0;0.0;;0.0;0.0;;;0.0;0.0;0.0;0.0;0.0;0.0;0.0;0.0;0.0;0.0;0.0;0.0;;0.0;;0.0;0.0;;0.0;0.0;;0.0;0.0;0.0;0.0;0.0;0.0;0.125;0.0;;0.0;0.0;0.0333333333333;0.0;0.0;0.0;0.0;0.0;0.0125;0.0;;;0.0;0.125;0.0;0.00191361399672
scorpion;0.0;0.0125;0.0;0.0;0.00666666666667;0.0;0.0;0.0;0.0;0.0;0.0;0.0;0.0;0.0;;0.0;0.0;0.0;0.0;0.0;0.0;0.0;0.0;0.0;0.0;0.0714285714286;0.0625;0.0;0.0;0.0;0.0;0.0;0.0;0.0384615384615;0.0;0.0;0.0238095238095;0.0105263157895;0.00574712643678;0.0;0.0;0.0;0.0;0.1;;0.0192307692308;0.0;0.0;0.0;0.0;0.0;0.0;;0.0416666666667;0.0;;;0.0108695652174;0.0;0.0;0.0;0.0;0.0;0.0;0.0;0.0;0.00649350649351;0.0;0.0;;0.0;;0.0;0.0;;0.0;0.0;;0.0;0.0;0.0;0.0;0.0681818181818;0.0;0.0;0.0;;0.0294117647059;0.0;0.0;0.0;0.0;0.0;0.0;0.0;0.0;0.0;;;0.0;0.0;0.0;0.00601421541826
sea_horse;0.0625;0.003125;0.0;0.0;0.00666666666667;0.0384615384615;0.0;0.0;0.0;0.0185185185185;0.0;0.0;0.0;0.0;;0.0;0.0;0.0;0.0;0.0;0.0;0.0;0.0;0.0;0.0;0.0;0.0;0.0;0.0;0.0;0.0;0.0;0.0;0.0;0.0;0.0;0.0;0.00526315789474;0.0172413793103;0.0;0.0;0.0;0.0;0.0;;0.0;0.0;0.0;0.0;0.0;0.0;0.0;;0.0;0.0;;;0.0;0.0;0.0;0.0;0.0;0.0;0.0;0.0;0.0;0.0;0.0;0.0;;0.0;;0.0;0.0416666666667;;0.0;0.0;;0.0;0.0;0.0;0.0;0.0;0.0;0.0;0.0;;0.0;0.0;0.0;0.0;0.0277777777778;0.0;0.025;0.0;0.0;0.0;;;0.0;0.0;0.0;0.00328048113723
snoopy;0.0;0.00625;0.0;0.0;0.0;0.0;0.0;0.0;0.0;0.0;0.0;0.0;0.0;0.0;;0.0;0.0;0.0;0.0;0.0;0.0;0.0;0.0;0.0;0.0;0.0;0.0;0.0;0.0;0.0;0.0;0.0;0.0;0.0;0.0;0.0;0.0;0.0;0.0;0.0;0.0;0.0;0.0;0.0;;0.0;0.0;0.0;0.0;0.0;0.0;0.0;;0.0;0.0;;;0.0;0.0;0.0;0.0;0.0;0.0;0.0;0.0;0.0;0.0;0.0;0.0;;0.0;;0.0;0.0;;0.0;0.0;;0.0;0.0;0.0;0.0;0.0;0.0;0.25;0.0;;0.0;0.0;0.0;0.0;0.0;0.0;0.0;0.0;0.0;0.0;;;0.0;0.0;0.0;0.00109349371241
soccer_ball;0.0;0.003125;0.0;0.0;0.00666666666667;0.0;0.0;0.0;0.0;0.0;0.0;0.0;0.0;0.0;;0.0;0.0;0.0;0.0;0.0;0.0;0.0;0.0;0.0;0.0;0.0;0.0;0.0;0.0;0.0;0.0;0.0;0.0;0.0;0.0;0.0;0.0;0.0;0.0;0.0;0.0;0.0;0.0;0.0;;0.0;0.0;0.0833333333333;0.0;0.0;0.0;0.0;;0.0;0.0;;;0.0;0.0;0.0;0.0;0.0;0.0;0.0;0.0;0.0;0.0;0.0;0.0;;0.0;;0.0;0.0;;0.0;0.0;;0.0;0.0;0.0;0.0;0.0;0.0;0.0;0.1;;0.0;0.0;0.0;0.0;0.0;0.0;0.0;0.0;0.0;0.0;;;0.0;0.0;0.0416666666667;0.00136686714051
stapler;0.0;0.0125;0.0;0.0;0.0133333333333;0.0;0.0;0.0;0.0;0.0;0.0;0.0;0.0;0.0;;0.0;0.0;0.0;0.0;0.0;0.0;0.0;0.0;0.0;0.0;0.0;0.0;0.0;0.0;0.0;0.0;0.0;0.0;0.0;0.0;0.0;0.0;0.00526315789474;0.0114942528736;0.0;0.0;0.0;0.0;0.0;;0.0;0.0;0.0;0.0;0.0;0.0;0.0;;0.0;0.0;;;0.0;0.0;0.0;0.0;0.0;0.0;0.0;0.0;0.0;0.00649350649351;0.0;0.0;;0.0;;0.0;0.0;;0.0;0.0384615384615;;0.0;0.0;0.0;0.0;0.0;0.0;0.0;0.0;;0.0;0.0;0.0;0.0;0.0;0.0;0.025;0.0;0.0125;0.0;;;0.0;0.0;0.0;0.00382722799344
starfish;0.0;0.0;0.0;0.0;0.0266666666667;0.0;0.0;0.0714285714286;0.0;0.0;0.0;0.0;0.0;0.0;;0.0;0.0;0.0;0.0;0.0714285714286;0.0;0.0;0.0;0.0;0.0;0.0;0.125;0.0;0.0;0.0;0.0294117647059;0.0;0.0;0.0;0.0;0.0;0.0;0.0105263157895;0.00574712643678;0.0;0.05;0.0;0.0;0.0;;0.0;0.0;0.0;0.0;0.0;0.0;0.0;;0.0;0.0;;;0.0;0.0;0.0714285714286;0.0;0.0;0.0;0.0;0.0;0.0;0.0;0.0;0.0;;0.0;;0.0;0.0;;0.0;0.0;;0.0;0.0;0.0;0.0;0.0;0.0;0.0;0.0;;0.0294117647059;0.0;0.0;0.0;0.0;0.0;0.0;0.03125;0.0;0.0;;;0.0384615384615;0.0;0.0;0.00464734827775
stegosaurus;0.0;0.00625;0.0;0.0;0.00666666666667;0.0;0.0;0.0;0.0;0.0;0.0;0.0;0.0;0.0;;0.0;0.0;0.0;0.0;0.0;0.0;0.0;0.0;0.0;0.0;0.0;0.0;0.0;0.0;0.0;0.0;0.0357142857143;0.0;0.0;0.0;0.0;0.0;0.00526315789474;0.0;0.0;0.0;0.0;0.0;0.0;;0.0;0.0;0.0;0.0;0.0;0.0;0.0;;0.0;0.0;;;0.0;0.0;0.0;0.0;0.0;0.0;0.0;0.0;0.0;0.00324675324675;0.0;0.0;;0.0;;0.0;0.0416666666667;;0.0;0.0;;0.0;0.0;0.0;0.0;0.0;0.0;0.0;0.0;;0.0;0.0625;0.0;0.0;0.0;0.0;0.0;0.0;0.0;0.0;;;0.0;0.0;0.0;0.00218698742482
stop_sign;0.0;0.009375;0.0;0.0;0.02;0.0;0.0;0.0;0.0;0.0;0.0;0.0;0.0;0.0;;0.0;0.0;0.0;0.0;0.0;0.0;0.0;0.0;0.0;0.0;0.0;0.0;0.0;0.0333333333333;0.0;0.0;0.0;0.0;0.0;0.0;0.0;0.0;0.0;0.00574712643678;0.0;0.0;0.0;0.0;0.0;;0.0;0.0;0.0;0.0;0.0;0.0;0.0;;0.0;0.0;;;0.0;0.0;0.0;0.0;0.0;0.0;0.0;0.0;0.0333333333333;0.00649350649351;0.0;0.0;;0.0;;0.0;0.0;;0.0;0.0;;0.0;0.0;0.0;0.0;0.0;0.0;0.0;0.0;;0.0;0.0;0.133333333333;0.0;0.0;0.0;0.0;0.0;0.0;0.0;;;0.0;0.0;0.0;0.00410060142154
strawberry;0.0;0.0;0.0;0.0;0.02;0.0;0.0;0.0;0.0;0.0;0.0;0.0;0.0;0.0;;0.0;0.0;0.0;0.0;0.0;0.0;0.0;0.0;0.0;0.0;0.0;0.0;0.0;0.0;0.0;0.0;0.0;0.0;0.0;0.0;0.0;0.0;0.0;0.0;0.0;0.0;0.0;0.0625;0.0;;0.0;0.0;0.0;0.0;0.0;0.0;0.0;;0.0;0.0;;;0.0108695652174;0.0;0.0;0.0416666666667;0.0;0.0;0.0;0.0;0.0;0.0;0.0;0.0;;0.0;;0.0;0.0416666666667;;0.0;0.0;;0.0;0.0;0.0;0.0;0.0;0.0;0.0;0.0;;0.0;0.0;0.0;0.0625;0.0;0.0;0.0;0.0;0.0;0.0;;;0.0;0.0;0.0;0.00218698742482
sunflower;0.0;0.0125;0.0;0.0;0.02;0.0;0.0;0.0;0.0;0.0;0.0;0.0;0.0;0.0;;0.0;0.0;0.0;0.0;0.0;0.0;0.0;0.0;0.0;0.0;0.0;0.0;0.0;0.0;0.0;0.0;0.0;0.0;0.0;0.0;0.0;0.0;0.00526315789474;0.00574712643678;0.0;0.0;0.0;0.0;0.0;;0.0192307692308;0.0;0.0;0.0;0.0;0.0;0.0;;0.0;0.0;;;0.0;0.0;0.0;0.0;0.0;0.0;0.0;0.0;0.0;0.00324675324675;0.0;0.0;;0.0;;0.0;0.0416666666667;;0.0;0.0;;0.0;0.0;0.0;0.0;0.0;0.0;0.0;0.0;;0.0;0.0;0.0;0.0;0.166666666667;0.0;0.0;0.0;0.0;0.0;;;0.0;0.0;0.0;0.00492072170585
tick;0.0;0.0;0.0;0.0;0.0;0.0;0.0;0.0;0.0;0.0;0.025;0.0;0.0;0.0;;0.0;0.0227272727273;0.0;0.0;0.0;0.0;0.0;0.0;0.0;0.0;0.0;0.0;0.0;0.0;0.0;0.0;0.0;0.0;0.0;0.0;0.0;0.0;0.0;0.0;0.0;0.0;0.0;0.0;0.0;;0.0;0.0;0.0;0.0;0.0;0.0;0.0;;0.0;0.0;;;0.0;0.0;0.0;0.0;0.0;0.0;0.0;0.0;0.0;0.00974025974026;0.0;0.0;;0.0;;0.0;0.0;;0.0;0.0;;0.0;0.0;0.0;0.0;0.0;0.0;0.0;0.0;;0.0;0.0;0.0;0.0;0.0;0.0625;0.0;0.0;0.025;0.0;;;0.0;0.0;0.0;0.00218698742482
trilobite;0.0;0.0;0.0;0.0;0.02;0.0;0.0;0.0;0.0;0.0;0.025;0.0;0.03125;0.0;;0.0;0.0;0.0;0.0;0.0;0.0;0.0;0.0;0.0;0.0;0.0;0.0;0.0;0.0;0.0;0.0;0.0;0.0;0.0;0.0;0.0;0.0;0.0;0.0;0.0;0.0;0.0;0.0;0.0;;0.0;0.0;0.0;0.0;0.0;0.0;0.0;;0.0;0.0;;;0.0;0.0;0.0;0.0;0.0;0.0;0.0;0.0;0.1;0.0;0.0;0.0;;0.0;;0.0;0.0;;0.0;0.0;;0.0;0.0;0.0;0.0;0.0;0.0;0.0;0.0;;0.0;0.0;0.0;0.0;0.0;0.0;0.3;0.0;0.0;0.0;;;0.0;0.0;0.0;0.00546746856206
umbrella;0.0;0.00625;0.0;0.0;0.0333333333333;0.0;0.0;0.0;0.0;0.0;0.0;0.05;0.0;0.0;;0.0;0.0;0.0;0.0;0.0;0.0;0.0;0.0;0.0;0.0;0.0;0.0;0.0;0.0;0.0;0.0;0.0;0.0;0.0;0.0;0.0;0.0;0.0105263157895;0.0;0.0;0.0;0.0;0.0;0.0;;0.0;0.0;0.0;0.0;0.0;0.0;0.0;;0.0;0.0;;;0.0;0.0;0.0;0.0;0.0;0.0;0.0;0.0;0.0;0.00649350649351;0.0;0.0;;0.0;;0.0;0.0;;0.0;0.0;;0.0;0.0;0.0;0.0;0.0;0.0;0.0;0.1;;0.0;0.0;0.0;0.0;0.0277777777778;0.0;0.0;0.03125;0.0;0.0;;;0.0;0.0;0.0416666666667;0.00437397484964
watch;0.0;0.015625;0.0;0.0;0.04;0.0;0.0;0.0;0.0;0.0;0.0;0.0;0.0;0.0;;0.0;0.0227272727273;0.0;0.0;0.0;0.0434782608696;0.0;0.0;0.0;0.0;0.0;0.0;0.0;0.0;0.0;0.0;0.0357142857143;0.0;0.0;0.0;0.0357142857143;0.0;0.0105263157895;0.00574712643678;0.0;0.0;0.0;0.0;0.0;;0.0;0.0;0.0;0.0;0.0;0.0;0.0;;0.0416666666667;0.0;;;0.0;0.0;0.0;0.0;0.0;0.0;0.0;0.0;0.0;0.0292207792208;0.0;0.0;;0.0;;0.0;0.0;;0.0;0.0;;0.0;0.0;0.0416666666667;0.0;0.0;0.0;0.0;0.0;;0.0;0.0;0.0;0.0;0.0;0.0;0.0;0.0;0.125;0.0;;;0.0;0.0;0.0;0.0109349371241
water_lilly;0.0;0.009375;0.0;0.0;0.0133333333333;0.0;0.0;0.0;0.0;0.0;0.0;0.0;0.0;0.0;;0.0;0.0;0.0;0.0;0.0;0.0;0.0;0.0;0.0;0.0;0.0;0.0;0.0;0.0;0.0;0.0;0.0;0.0;0.0;0.0;0.0;0.0;0.00526315789474;0.00574712643678;0.0;0.0;0.0;0.0;0.0;;0.0;0.0;0.0;0.0;0.0;0.0;0.0;;0.0;0.0;;;0.0;0.0;0.0;0.0;0.0;0.0;0.0;0.0;0.0;0.0;0.0;0.0;;0.0;;0.0;0.0;;0.0;0.0;;0.0;0.0;0.0;0.0;0.0;0.0;0.0;0.0;;0.0;0.0;0.0;0.0;0.0;0.0;0.0;0.0;0.0;0.0625;;;0.0;0.0;0.0;0.00218698742482
wheelchair;0.0;0.00625;0.0;0.0;0.0133333333333;0.0;0.0;0.0;0.0;0.0185185185185;0.0;0.0;0.0;0.0;;0.0;0.0;0.0;0.0;0.0;0.0;0.0;0.0;0.0;0.0;0.0;0.0;0.0;0.0;0.03125;0.0;0.0;0.0;0.0;0.0;0.0;0.0;0.00526315789474;0.00574712643678;0.0;0.0;0.0;0.0;0.0;;0.0;0.0;0.0;0.0;0.0;0.0;0.0;;0.0;0.0;;;0.0;0.0;0.0;0.0;0.0;0.0;0.0;0.0;0.0;0.00974025974026;0.0;0.0;;0.0;;0.0;0.0;;0.0;0.0;;0.0;0.0;0.0;0.0;0.0;0.0;0.0;0.0;;0.0;0.0;0.0;0.0;0.0;0.0;0.0;0.0;0.0125;0.0;;;0.0;0.0;0.0;0.00328048113723
wild_cat;0.0;0.0;0.0;0.0;0.00666666666667;0.0;0.0;0.0;0.0;0.0;0.0;0.0;0.0;0.0;;0.0;0.0;0.0;0.0;0.0;0.0;0.0;0.03125;0.0;0.0;0.0;0.0;0.0;0.0;0.0;0.0;0.0;0.0;0.0;0.0;0.0;0.0;0.00526315789474;0.00574712643678;0.0;0.0;0.0;0.0;0.0;;0.0;0.0;0.0;0.0;0.0;0.0;0.0;;0.0;0.0;;;0.0108695652174;0.0;0.0;0.0;0.0;0.0;0.0;0.0;0.0;0.00649350649351;0.0;0.0;;0.0;;0.0;0.0;;0.0;0.0;;0.0;0.0;0.0;0.0;0.0;0.0;0.0;0.0;;0.0;0.0;0.0;0.0;0.0;0.0;0.0;0.0;0.0;0.0;;;0.0;0.0;0.0;0.00191361399672
windsor_chair;0.0;0.0125;0.0;0.0;0.0133333333333;0.0;0.0;0.0;0.0;0.0;0.0;0.0;0.0;0.0;;0.0;0.0;0.0;0.0;0.0;0.0;0.0;0.0;0.0;0.0;0.0;0.0;0.0;0.0;0.0;0.0;0.0;0.0;0.0;0.0;0.0;0.0;0.0;0.0114942528736;0.0;0.0;0.0;0.0;0.0;;0.0;0.0;0.0;0.0;0.0384615384615;0.0;0.0;;0.0;0.0;;;0.0;0.0;0.0;0.0;0.0;0.0;0.0;0.0;0.0;0.00649350649351;0.0;0.0;;0.0;;0.0;0.0;;0.0;0.0;;0.0;0.0454545454545;0.0;0.0;0.0;0.0;0.0;0.0;;0.0;0.0;0.0;0.0;0.0;0.0625;0.0;0.0;0.0;0.0;;;0.0;0.0;0.0;0.00355385456534
wrench;0.0;0.003125;0.0;0.0;0.0133333333333;0.0;0.0;0.0;0.0;0.0;0.0;0.0;0.0;0.0227272727273;;0.0;0.0;0.0;0.0;0.0;0.0;0.0;0.0;0.0;0.0;0.0;0.0;0.0;0.0;0.0;0.0;0.0;0.0;0.0;0.0;0.0;0.0;0.00526315789474;0.0;0.0;0.0;0.0;0.0;0.0;;0.0;0.0;0.0;0.0;0.0;0.0;0.0;;0.0;0.0;;;0.0;0.0;0.0;0.0;0.0;0.0;0.0;0.0;0.0;0.0;0.0;0.0;;0.0;;0.0;0.0;;0.0;0.0384615384615;;0.0;0.0;0.0;0.0714285714286;0.0;0.0;0.0;0.0;;0.0;0.0;0.0;0.0;0.0;0.0;0.0;0.03125;0.0;0.0;;;0.0;0.0;0.0;0.00218698742482
yin_yang;0.0;0.003125;0.0;0.0;0.0;0.0;0.0;0.0;0.0;0.0;0.0;0.0;0.0;0.0;;0.0;0.0;0.0;0.0;0.0;0.0;0.0;0.0;0.0;0.0;0.0;0.0;0.0;0.0;0.0;0.0;0.0;0.0;0.0;0.0;0.0;0.0;0.0;0.0;0.0;0.0;0.0;0.0;0.0;;0.0;0.0;0.0;0.0;0.0;0.0;0.0;;0.0;0.0;;;0.0;0.0;0.0;0.0;0.0;0.0;0.0;0.0;0.0;0.00324675324675;0.0;0.0;;0.0714285714286;;0.0;0.0;;0.0;0.0;;0.0;0.0;0.0;0.0;0.0;0.0;0.0;0.1;;0.0;0.0;0.0333333333333;0.0;0.0;0.0;0.025;0.0;0.0;0.0;;;0.0;0.0;0.208333333333;0.00328048113723
All;1.5;1.028125;0.181818181818;0.125;1.44666666667;0.0769230769231;0.0454545454545;0.0714285714286;0.0714285714286;0.203703703704;0.375;0.05;0.1875;0.0909090909091;;0.05;0.772727272727;0.0909090909091;0.0588235294118;0.142857142857;0.217391304348;0.0909090909091;0.15625;0.178571428571;0.0714285714286;0.357142857143;0.25;0.136363636364;0.2;0.375;0.235294117647;0.107142857143;0.0357142857143;0.230769230769;0.115384615385;0.285714285714;0.119047619048;0.978947368421;1.13793103448;0.0909090909091;0.2;0.5;0.125;0.2;;0.307692307692;0.318181818182;0.416666666667;0.0416666666667;0.192307692308;0.0666666666667;0.0625;;0.666666666667;0.525;;;0.79347826087;0.0555555555556;0.142857142857;0.125;0.0625;0.0714285714286;0.138888888889;0.142857142857;0.6;0.915584415584;0.0714285714286;0.222222222222;;0.107142857143;;0.142857142857;0.208333333333;;0.0769230769231;0.423076923077;;0.25;0.0454545454545;0.125;0.357142857143;0.204545454545;0.0416666666667;0.625;0.8;;0.352941176471;0.375;0.233333333333;0.0625;0.444444444444;0.375;0.825;0.21875;0.5625;0.0625;;;0.0769230769231;0.1875;0.416666666667;0.5
