0.462718218564987182617187500000;0.158915206789970397949218750000;0.066271819174289703369140625000;0.038591023534536361694335937500;0.031343515962362289428710937500;0.023971321061253547668457031250;0.020402120426297187805175781250;0.018360348418354988098144531250;0.019529301673173904418945312500;0.017097881063818931579589843750;0.017253739759325981140136718750;0.017658976837992668151855468750;0.021524313837289810180664062500;0.023644015192985534667968750000;0.029426433145999908447265625000;0.033291772007942199707031250000;0.612256407737731933593750000000;0.089333333075046539306640625000;0.100692309439182281494140625000;0.197717949748039245605468750000;0.612115383148193359375000000000;0.090179488062858581542968750000;0.102243587374687194824218750000;0.195461541414260864257812500000
0.295537352561950683593750000000;0.288499265909194946289062500000;0.132851675152778625488281250000;0.064977735280990600585937500000;0.041169691830873489379882812500;0.024415308609604835510253906250;0.017906635999679565429687500000;0.015477562323212623596191406250;0.017128087580204010009765625000;0.017470648512244224548339843750;0.018451621755957603454589843750;0.018015632405877113342285156250;0.016863379627466201782226562500;0.013577901758253574371337890625;0.010058858431875705718994140625;0.007598642259836196899414062500;0.803103446960449218750000000000;0.052931033074855804443359375000;0.064913794398307800292968750000;0.079051725566387176513671875000;0.808850586414337158203125000000;0.039870690554380416870117187500;0.060057472437620162963867187500;0.091221265494823455810546875000
0.203209251165390014648437500000;0.029363997280597686767578125000;0.046020917594432830810546875000;0.078074447810649871826171875000;0.065328396856784820556640625000;0.029415968805551528930664062500;0.025829922407865524291992187500;0.026583511382341384887695312500;0.035678554326295852661132812500;0.041174560785293579101562500000;0.051425971090793609619140625000;0.081192746758460998535156250000;0.110037028789520263671875000000;0.101617619395256042480468750000;0.050997205078601837158203125000;0.024049893021583557128906250000;0.375508278608322143554687500000;0.117245860397815704345703125000;0.367718666791915893554687500000;0.139527186751365661621093750000;0.180200949311256408691406250000;0.216643020510673522949218750000;0.144456267356872558593750000000;0.458699762821197509765625000000
0.393217623233795166015625000000;0.126503780484199523925781250000;0.096074342727661132812500000000;0.054136093705892562866210937500;0.034954745322465896606445312500;0.028120227158069610595703125000;0.029237588867545127868652343750;0.031174344941973686218261718750;0.031006742268800735473632812500;0.024470185860991477966308593750;0.020112480968236923217773437500;0.019758651033043861389160156250;0.020224217325448989868164062500;0.026406941935420036315917968750;0.030988119542598724365234375000;0.033613916486501693725585937500;0.596968173980712890625000000000;0.114874370396137237548828125000;0.226599663496017456054687500000;0.061557788401842117309570312500;0.379748731851577758789062500000;0.269313246011734008789062500000;0.213316589593887329101562500000;0.137621447443962097167968750000
0.415560543537139892578125000000;0.060059789568185806274414062500;0.079551570117473602294921875000;0.084065772593021392822265625000;0.059940207749605178833007812500;0.046203289180994033813476562500;0.043437968939542770385742187500;0.044843047857284545898437500000;0.063512705266475677490234375000;0.079237669706344604492187500000;0.021225709468126296997070312500;0.002257100073620676994323730469;0.000104633778391871601343154907;0.000000000000000000000000000000;0.000000000000000000000000000000;0.000000000000000000000000000000;0.712869942188262939453125000000;0.283811658620834350585937500000;0.003318385686725378036499023438;0.000000000000000000000000000000;0.710657715797424316406250000000;0.285351276397705078125000000000;0.003991031553596258163452148438;0.000000000000000000000000000000
0.413721561431884765625000000000;0.206754565238952636718750000000;0.088345341384410858154296875000;0.032955899834632873535156250000;0.021257128566503524780273437500;0.015309707261621952056884765625;0.012891524471342563629150390625;0.013937225565314292907714843750;0.015031943097710609436035156250;0.017548158764839172363281250000;0.026093492284417152404785156250;0.029393984004855155944824218750;0.031338334083557128906250000000;0.026567324995994567871093750000;0.024573959410190582275390625000;0.024279855191707611083984375000;0.589827179908752441406250000000;0.077123455703258514404296875000;0.113802470266819000244140625000;0.219246909022331237792968750000;0.591222226619720458984375000000;0.077061727643013000488281250000;0.112506173551082611083984375000;0.219209879636764526367187500000
0.393987685441970825195312500000;0.148244693875312805175781250000;0.116776682436466217041015625000;0.070043504238128662109375000000;0.050708875060081481933593750000;0.036943964660167694091796875000;0.029048833996057510375976562500;0.019353386014699935913085937500;0.015996549278497695922851562500;0.011908333748579025268554687500;0.011777061037719249725341796875;0.010895656421780586242675781250;0.012489685788750648498535156250;0.014796338975429534912109375000;0.028148675337433815002441406250;0.028880054131150245666503906250;0.634725928306579589843750000000;0.083392590284347534179687500000;0.096533335745334625244140625000;0.185348153114318847656250000000;0.634725928306579589843750000000;0.083392590284347534179687500000;0.096533335745334625244140625000;0.185348153114318847656250000000
0.607419908046722412109375000000;0.072980545461177825927734375000;0.033830158412456512451171875000;0.021240303292870521545410156250;0.024144092574715614318847656250;0.024814197793602943420410156250;0.038764569908380508422851562500;0.059476912021636962890625000000;0.054928317666053771972656250000;0.021808877587318420410156250000;0.011351175606250762939453125000;0.009665759280323982238769531250;0.007756975013762712478637695312;0.004223693162202835083007812500;0.003289607353508472442626953125;0.004304917994886636734008789062;0.475084036588668823242187500000;0.126134455204010009765625000000;0.039663866162300109863281250000;0.359117656946182250976562500000;0.471232503652572631835937500000;0.120924368500709533691406250000;0.030322128906846046447753906250;0.377521008253097534179687500000
0.292643934488296508789062500000;0.007000405341386795043945312500;0.010196731425821781158447265625;0.030792778357863426208496093750;0.072119928896427154541015625000;0.071602217853069305419921875000;0.074123263359069824218750000000;0.102732636034488677978515625000;0.064714357256889343261718750000;0.046369243413209915161132812500;0.044928643852472305297851562500;0.042722728103399276733398437500;0.050983659923076629638671875000;0.036690227687358856201171875000;0.027146264910697937011718750000;0.025232972577214241027832031250;0.341116428375244140625000000000;0.250207334756851196289062500000;0.149138748645782470703125000000;0.259537488222122192382812500000;0.334290266036987304687500000000;0.176140353083610534667968750000;0.213556617498397827148437500000;0.276012748479843139648437500000
0.220629960298538208007812500000;0.044829826802015304565429687500;0.065469302237033843994140625000;0.060032021254301071166992187500;0.066135093569755554199218750000;0.085458837449550628662109375000;0.123424693942070007324218750000;0.127577945590019226074218750000;0.101453639566898345947265625000;0.049395240843296051025390625000;0.020179763436317443847656250000;0.009717356413602828979492187500;0.007910213433206081390380859375;0.005912845022976398468017578125;0.005532393697649240493774414062;0.006340852472931146621704101562;0.473111122846603393554687500000;0.430562973022460937500000000000;0.036459259688854217529296875000;0.059866666793823242187500000000;0.291288882493972778320312500000;0.550311088562011718750000000000;0.086977779865264892578125000000;0.071422219276428222656250000000
0.258180081844329833984375000000;0.098763473331928253173828125000;0.125142678618431091308593750000;0.127615720033645629882812500000;0.083195939660072326660156250000;0.051918197423219680786132812500;0.042041853070259094238281250000;0.026949904859066009521484375000;0.022178186103701591491699218750;0.018278377130627632141113281250;0.017121115699410438537597656250;0.018405199050903320312500000000;0.020703868940472602844238281250;0.023858591914176940917968750000;0.031420417129993438720703125000;0.034226380288600921630859375000;0.569372832775115966796875000000;0.076794423162937164306640625000;0.116573750972747802734375000000;0.237259000539779663085937500000;0.548199772834777832031250000000;0.094982579350471496582031250000;0.119152151048183441162109375000;0.237665504217147827148437500000
0.301901668310165405273437500000;0.082959644496440887451171875000;0.088876433670520782470703125000;0.084392130374908447265625000000;0.099921107292175292968750000000;0.093111611902713775634765625000;0.074593089520931243896484375000;0.050406910479068756103515625000;0.038511045277118682861328125000;0.024746719747781753540039062500;0.017688091844320297241210937500;0.013909649103879928588867187500;0.009674472734332084655761718750;0.007017106749117374420166015625;0.006165919359773397445678710938;0.006124397739768028259277343750;0.529713451862335205078125000000;0.169185519218444824218750000000;0.031297136098146438598632812500;0.269803911447525024414062500000;0.553408741950988769531250000000;0.148084461688995361328125000000;0.028929110616445541381835937500;0.269577682018280029296875000000
0.268816024065017700195312500000;0.069156743586063385009765625000;0.058192428201436996459960937500;0.027746062725782394409179687500;0.020569419488310813903808593750;0.016383044421672821044921875000;0.016636764630675315856933593750;0.020768770948052406311035156250;0.038873486220836639404296875000;0.069936029613018035888671875000;0.057993076741695404052734375000;0.043603543192148208618164062500;0.059316042810678482055664062500;0.065278455615043640136718750000;0.081570886075496673583984375000;0.085159212350845336914062500000;0.373377770185470581054687500000;0.172251850366592407226562500000;0.351822227239608764648437500000;0.102548144757747650146484375000;0.370044440031051635742187500000;0.075392588973045349121093750000;0.211348146200180053710937500000;0.343214809894561767578125000000
0.219289824366569519042968750000;0.053246408700942993164062500000;0.110629424452781677246093750000;0.101115226745605468750000000000;0.124379508197307586669921875000;0.076196305453777313232421875000;0.046776756644248962402343750000;0.034400027245283126831054687500;0.031636774539947509765625000000;0.026093719527125358581542968750;0.024257065728306770324707031250;0.024803098291158676147460937500;0.031256206333637237548828125000;0.032265536487102508544921875000;0.031918063759803771972656250000;0.031736049801111221313476562500;0.608348071575164794921875000000;0.166106194257736206054687500000;0.144365787506103515625000000000;0.081179939210414886474609375000;0.580693244934082031250000000000;0.215737462043762207031250000000;0.099749259650707244873046875000;0.103820055723190307617187500000
0.481649965047836303710937500000;0.161160618066787719726562500000;0.045781973749399185180664062500;0.026593597605824470520019531250;0.021610209718346595764160156250;0.022588256746530532836914062500;0.032151397317647933959960937500;0.040457043796777725219726562500;0.049725215882062911987304687500;0.041761107742786407470703125000;0.032337691634893417358398437500;0.019747259095311164855957031250;0.012217841111123561859130859375;0.005092060659080743789672851562;0.003648275276646018028259277344;0.003477504942566156387329101562;0.647796392440795898437500000000;0.035327754914760589599609375000;0.209553688764572143554687500000;0.107322178781032562255859375000;0.419274747371673583984375000000;0.152719661593437194824218750000;0.152370989322662353515625000000;0.275634586811065673828125000000
0.239067614078521728515625000000;0.032360218465328216552734375000;0.126724004745483398437500000000;0.155934721231460571289062500000;0.093983076512813568115234375000;0.064287818968296051025390625000;0.041549138724803924560546875000;0.029539516195654869079589843750;0.025282502174377441406250000000;0.023378960788249969482421875000;0.024365341290831565856933593750;0.022773288190364837646484375000;0.028051292523741722106933593750;0.029435686767101287841796875000;0.030698945745825767517089843750;0.032567877322435379028320312500;0.562744319438934326171875000000;0.104591697454452514648437500000;0.114551536738872528076171875000;0.218112453818321228027343750000;0.473855435848236083984375000000;0.144564926624298095703125000000;0.118848726153373718261718750000;0.262730926275253295898437500000
0.272410094738006591796875000000;0.107227429747581481933593750000;0.272362738847732543945312500000;0.084825232625007629394531250000;0.037889551371335983276367187500;0.030532663688063621520996093750;0.029664361849427223205566406250;0.021091850474476814270019531250;0.019923590123653411865234375000;0.017902813851833343505859375000;0.017729151993989944458007812500;0.017887026071548461914062500000;0.019134223461151123046875000000;0.016987148672342300415039062500;0.017145022749900817871093750000;0.017287107184529304504394531250;0.523333311080932617187500000000;0.179684340953826904296875000000;0.109305553138256072998046875000;0.187676772475242614746093750000;0.347803026437759399414062500000;0.302032828330993652343750000000;0.086136363446712493896484375000;0.264027774333953857421875000000
0.274806618690490722656250000000;0.048997633159160614013671875000;0.053101815283298492431640625000;0.055280189961194992065429687500;0.067419096827507019042968750000;0.066692978143692016601562500000;0.070339381694793701171875000000;0.063851617276668548583984375000;0.059147592633962631225585937500;0.046487767249345779418945312500;0.043535910546779632568359375000;0.036827150732278823852539062500;0.032249409705400466918945312500;0.026756117120385169982910156250;0.027419099584221839904785156250;0.027087608352303504943847656250;0.403101354837417602539062500000;0.240720391273498535156250000000;0.127252742648124694824218750000;0.228925526142120361328125000000;0.400073260068893432617187500000;0.234810739755630493164062500000;0.124725274741649627685546875000;0.240390717983245849609375000000
0.424612402915954589843750000000;0.092522285878658294677734375000;0.048485558480024337768554687500;0.034319546073675155639648437500;0.031743906438350677490234375000;0.027311801910400390625000000000;0.030171765014529228210449218750;0.031927883625030517578125000000;0.036711212247610092163085937500;0.038634575903415679931640625000;0.039035975933074951171875000000;0.040925890207290649414062500000;0.037146057933568954467773437500;0.033165525645017623901367187500;0.029235169291496276855468750000;0.024050442501902580261230468750;0.500915050506591796875000000000;0.150496736168861389160156250000;0.145111113786697387695312500000;0.203477129340171813964843750000;0.499084979295730590820312500000;0.151084974408149719238281250000;0.144196078181266784667968750000;0.205633983016014099121093750000
0.379381448030471801757812500000;0.132071524858474731445312500000;0.100402705371379852294921875000;0.059455540031194686889648437500;0.043685566633939743041992187500;0.032184276729822158813476562500;0.028833763673901557922363281250;0.031330540776252746582031250000;0.033940076828002929687500000000;0.031088918447494506835937500000;0.027351804077625274658203125000;0.023550257086753845214843750000;0.023083118721842765808105468750;0.021891107782721519470214843750;0.019088273867964744567871093750;0.012661082670092582702636718750;0.520414829254150390625000000000;0.158370375633239746093750000000;0.219940736889839172363281250000;0.101274073123931884765625000000;0.406133323907852172851562500000;0.156533330678939819335937500000;0.143481478095054626464843750000;0.293851852416992187500000000000
0.372891068458557128906250000000;0.072385452687740325927734375000;0.051482979208230972290039062500;0.044515490531921386718750000000;0.045853387564420700073242187500;0.036175351589918136596679687500;0.031240768730640411376953125000;0.029763869941234588623046875000;0.031431898474693298339843750000;0.030893264338374137878417968750;0.034055564552545547485351562500;0.036713983863592147827148437500;0.041752818971872329711914062500;0.041162058711051940917968750000;0.057546958327293395996093750000;0.042135074734687805175781250000;0.434943020343780517578125000000;0.150270655751228332519531250000;0.222948715090751647949218750000;0.191837608814239501953125000000;0.388860404491424560546875000000;0.148247867822647094726562500000;0.229757830500602722167968750000;0.233133897185325622558593750000
0.253527462482452392578125000000;0.050277531147003173828125000000;0.065433189272880554199218750000;0.063599064946174621582031250000;0.062875069677829742431640625000;0.061201833188533782958984375000;0.068763576447963714599609375000;0.076486207544803619384765625000;0.077805489301681518554687500000;0.060300860553979873657226562500;0.047928564250469207763671875000;0.032805085182189941406250000000;0.027962353080511093139648437500;0.019354838877916336059570312500;0.015654413029551506042480468750;0.016024455428123474121093750000;0.398937195539474487304687500000;0.269698053598403930664062500000;0.095966182649135589599609375000;0.235398545861244201660156250000;0.426932364702224731445312500000;0.255978256464004516601562500000;0.085096620023250579833984375000;0.231992751359939575195312500000
0.322321742773056030273437500000;0.099203288555145263671875000000;0.094063222408294677734375000000;0.065951012074947357177734375000;0.047565389424562454223632812500;0.027776129543781280517578125000;0.021766206249594688415527343750;0.021430125460028648376464843750;0.028705297037959098815917968750;0.053001996129751205444335937500;0.038253959268331527709960937500;0.038906350731849670410156250000;0.037562027573585510253906250000;0.026174802333116531372070312500;0.032085876911878585815429687500;0.045232586562633514404296875000;0.416234105825424194335937500000;0.105190843343734741210937500000;0.167595416307449340820312500000;0.310979634523391723632812500000;0.413218826055526733398437500000;0.099847331643104553222656250000;0.178842246532440185546875000000;0.308091610670089721679687500000
0.259003013372421264648437500000;0.236190155148506164550781250000;0.135710075497627258300781250000;0.100070990622043609619140625000;0.076921224594116210937500000000;0.048477336764335632324218750000;0.035278122872114181518554687500;0.026386398822069168090820312500;0.020767407491803169250488281250;0.014619003050029277801513671875;0.011394400149583816528320312500;0.009324878454208374023437500000;0.008470599539577960968017578125;0.006906426511704921722412109375;0.005919794086366891860961914062;0.004560166504234075546264648438;0.793412446975708007812500000000;0.119050845503807067871093750000;0.031446326524019241333007812500;0.056090395897626876831054687500;0.748169481754302978515625000000;0.106350280344486236572265625000;0.052870057523250579833984375000;0.092610172927379608154296875000
0.311191707849502563476562500000;0.088619731366634368896484375000;0.079351887106895446777343750000;0.062973380088806152343750000000;0.059154391288757324218750000000;0.047841232270002365112304687500;0.041737239807844161987304687500;0.038717202842235565185546875000;0.038669265806674957275390625000;0.037390943616628646850585937500;0.036080662161111831665039062500;0.032900832593441009521484375000;0.041401680558919906616210937500;0.038381643593311309814453125000;0.028906075283885002136230468750;0.016682112589478492736816406250;0.498113214969635009765625000000;0.173522010445594787597656250000;0.126000002026557922363281250000;0.202364772558212280273437500000;0.498113214969635009765625000000;0.173522010445594787597656250000;0.126000002026557922363281250000;0.202364772558212280273437500000
0.310916870832443237304687500000;0.055198796093463897705078125000;0.064514212310314178466796875000;0.077357590198516845703125000000;0.091172158718109130859375000000;0.076505333185195922851562500000;0.057220436632633209228515625000;0.043960835784673690795898437500;0.039283309131860733032226562500;0.036706704646348953247070312500;0.033000357449054718017578125000;0.027886787429451942443847656250;0.025369644165039062500000000000;0.019919134676456451416015625000;0.019899314269423484802246093750;0.021088516339659690856933593750;0.400246918201446533203125000000;0.196982160210609436035156250000;0.106529489159584045410156250000;0.296241432428359985351562500000;0.249602198600769042968750000000;0.213593959808349609375000000000;0.215679019689559936523437500000;0.321124821901321411132812500000
0.292313754558563232421875000000;0.021058173850178718566894531250;0.062713868916034698486328125000;0.091515310108661651611328125000;0.110226377844810485839843750000;0.097613409161567687988281250000;0.078792661428451538085937500000;0.059006754308938980102539062500;0.050605423748493194580078125000;0.030709836632013320922851562500;0.022944634780287742614746093750;0.018798805773258209228515625000;0.017197508364915847778320312500;0.015640079975128173828125000000;0.015223304741084575653076171875;0.015640079975128173828125000000;0.383292853832244873046875000000;0.174817815423011779785156250000;0.048191633075475692749023437500;0.393697708845138549804687500000;0.377125501632690429687500000000;0.170850202441215515136718750000;0.037719298154115676879882812500;0.414305001497268676757812500000
0.264668673276901245117187500000;0.086489669978618621826171875000;0.130805760622024536132812500000;0.125856682658195495605468750000;0.080225028097629547119140625000;0.046872064471244812011718750000;0.037901092320680618286132812500;0.035482943058013916015625000000;0.034568302333354949951171875000;0.029168181121349334716796875000;0.021136907860636711120605468750;0.017102476209402084350585937500;0.024707755073904991149902343750;0.026649793609976768493652343750;0.020335033535957336425781250000;0.018029645085334777832031250000;0.636702537536621093750000000000;0.179605737328529357910156250000;0.107706092298030853271484375000;0.075985662639141082763671875000;0.216714456677436828613281250000;0.429295092821121215820312500000;0.163548380136489868164062500000;0.190442055463790893554687500000
0.259852409362792968750000000000;0.173099800944328308105468750000;0.102700293064117431640625000000;0.056154720485210418701171875000;0.036828305572271347045898437500;0.033787436783313751220703125000;0.037733808159828186035156250000;0.047464590519666671752929687500;0.057127796113491058349609375000;0.038936641067266464233398437500;0.034544274210929870605468750000;0.031219590455293655395507812500;0.040936857461929321289062500000;0.018083035945892333984375000000;0.017164018005132675170898437500;0.014366418123245239257812500000;0.692265093326568603515625000000;0.187503218650817871093750000000;0.090527668595314025878906250000;0.029703989624977111816406250000;0.628751635551452636718750000000;0.186177611351013183593750000000;0.110296010971069335937500000000;0.074774771928787231445312500000
0.271955311298370361328125000000;0.004618984181433916091918945312;0.000766468991059809923171997070;0.001210214220918715000152587891;0.004034047480672597885131835938;0.007503327913582324981689453125;0.010528863407671451568603515625;0.015289039351046085357666015625;0.037577152252197265625000000000;0.076485536992549896240234375000;0.116765499114990234375000000000;0.133869856595993041992187500000;0.122836738824844360351562500000;0.076082132756710052490234375000;0.058513857424259185791015625000;0.061962965875864028930664062500;0.366692513227462768554687500000;0.248733848333358764648437500000;0.175684750080108642578125000000;0.208888888359069824218750000000;0.563178300857543945312500000000;0.178152456879615783691406250000;0.072713181376457214355468750000;0.185956075787544250488281250000
0.302830368280410766601562500000;0.124007284641265869140625000000;0.108138769865036010742187500000;0.068624228239059448242187500000;0.045037917792797088623046875000;0.033244758844375610351562500000;0.025288110598921775817871093750;0.024064011871814727783203125000;0.030259151011705398559570312500;0.032080370932817459106445312500;0.032752133905887603759765625000;0.032961126416921615600585937500;0.036021377891302108764648437500;0.032065443694591522216796875000;0.034842062741518020629882812500;0.037782885134220123291015625000;0.539655148983001708984375000000;0.122482761740684509277343750000;0.159310340881347656250000000000;0.178551718592643737792968750000;0.470919549465179443359375000000;0.157356321811676025390625000000;0.158195406198501586914062500000;0.213528737425804138183593750000
0.240362346172332763671875000000;0.087377488613128662109375000000;0.088402137160301208496093750000;0.076477579772472381591796875000;0.068755567073822021484375000000;0.065250962972640991210937500000;0.075883574783802032470703125000;0.052791804075241088867187500000;0.053757052868604660034179687500;0.056741908192634582519531250000;0.049183249473571777343750000000;0.024576773867011070251464843750;0.020938521251082420349121093750;0.021978022530674934387207031250;0.008672408759593963623046875000;0.008850608952343463897705078125;0.568539202213287353515625000000;0.292350590229034423828125000000;0.049282867461442947387695312500;0.089827358722686767578125000000;0.573081016540527343750000000000;0.288658708333969116210937500000;0.048207171261310577392578125000;0.090053118765354156494140625000
0.250988364219665527343750000000;0.003916497342288494110107421875;0.001921300543472170829772949219;0.009939035400748252868652343750;0.128801032900810241699218750000;0.170533895492553710937500000000;0.085091449320316314697265625000;0.059467948973178863525390625000;0.051394790410995483398437500000;0.043487899005413055419921875000;0.040698319673538208007812500000;0.036781821399927139282226562500;0.030777757987380027770996093750;0.028837982565164566040039062500;0.028450027108192443847656250000;0.028911879286170005798339843750;0.461839079856872558593750000000;0.176947638392448425292968750000;0.126615583896636962890625000000;0.234597697854042053222656250000;0.479872286319732666015625000000;0.164393365383148193359375000000;0.115044698119163513183593750000;0.240689650177955627441406250000
0.217226609587669372558593750000;0.035541318356990814208984375000;0.032528694719076156616210937500;0.032223619520664215087890625000;0.044553764164447784423828125000;0.059820260852575302124023437500;0.110844172537326812744140625000;0.260738015174865722656250000000;0.051468811929225921630859375000;0.035592164844274520874023437500;0.030545704066753387451171875000;0.030761798843741416931152343750;0.026897506788372993469238281250;0.018927404657006263732910156250;0.007461643312126398086547851562;0.004868499469012022018432617188;0.356094539165496826171875000000;0.514639317989349365234375000000;0.108743779361248016357421875000;0.020522387698292732238769531250;0.283022373914718627929687500000;0.528855741024017333984375000000;0.134564682841300964355468750000;0.053557213395833969116210937500
0.803315877914428710937500000000;0.045312177389860153198242187500;0.027344848960638046264648437500;0.012659652158617973327636718750;0.010052701458334922790527343750;0.009114949963986873626708984375;0.008589808829128742218017578125;0.009077440015971660614013671875;0.008195952512323856353759765625;0.009640091098845005035400390625;0.009077440015971660614013671875;0.009039929136633872985839843750;0.010052701458334922790527343750;0.010427802801132202148437500000;0.009602581150829792022705078125;0.008496033027768135070800781250;0.803916692733764648437500000000;0.045216668397188186645507812500;0.047716666013002395629882812500;0.103150002658367156982421875000;0.803916692733764648437500000000;0.045216668397188186645507812500;0.047716666013002395629882812500;0.103150002658367156982421875000
0.382214188575744628906250000000;0.087429083883762359619140625000;0.061082974076271057128906250000;0.063430644571781158447265625000;0.075103797018527984619140625000;0.085472688078880310058593750000;0.076364584267139434814453125000;0.034062996506690979003906250000;0.027498206123709678649902343750;0.020911680534482002258300781250;0.018281416967511177062988281250;0.014651218429207801818847656250;0.015651153400540351867675781250;0.013542595319449901580810546875;0.011716627515852451324462890625;0.012586135417222976684570312500;0.581088066101074218750000000000;0.167081177234649658203125000000;0.074645943939685821533203125000;0.177184805274009704589843750000;0.576701223850250244140625000000;0.168082907795906066894531250000;0.087443865835666656494140625000;0.167772024869918823242187500000
0.220465674996376037597656250000;0.007306766230612993240356445312;0.026263952255249023437500000000;0.155428722500801086425781250000;0.198158159852027893066406250000;0.103136524558067321777343750000;0.052797280251979827880859375000;0.038570970296859741210937500000;0.036365471780300140380859375000;0.030321396887302398681640625000;0.026449147611856460571289062500;0.023890094831585884094238281250;0.025068605318665504455566406250;0.020943818613886833190917968750;0.018165901303291320800781250000;0.016667507588863372802734375000;0.290812671184539794921875000000;0.427217632532119750976562500000;0.110509641468524932861328125000;0.171460062265396118164062500000;0.341336101293563842773437500000;0.362038552761077880859375000000;0.167603299021720886230468750000;0.129022032022476196289062500000
0.596522569656372070312500000000;0.124375633895397186279296875000;0.073019966483116149902343750000;0.036839559674263000488281250000;0.025194451212882995605468750000;0.016654703766107559204101562500;0.013168495148420333862304687500;0.011557222343981266021728515625;0.013197790831327438354492187500;0.014589345082640647888183593750;0.015116671100258827209472656250;0.014999487437307834625244140625;0.013681173324584960937500000000;0.012802297249436378479003906250;0.010678346268832683563232421875;0.007602279074490070343017578125;0.651746034622192382812500000000;0.106623373925685882568359375000;0.194083690643310546875000000000;0.047546897083520889282226562500;0.534891784191131591796875000000;0.139336213469505310058593750000;0.125440120697021484375000000000;0.200331896543502807617187500000
0.262682855129241943359375000000;0.032860372215509414672851562500;0.045968499034643173217773437500;0.050491303205490112304687500000;0.060557544231414794921875000000;0.057075385004281997680664062500;0.060577556490898132324218750000;0.060757670551538467407226562500;0.061778303235769271850585937500;0.053132943809032440185546875000;0.049450658261775970458984375000;0.048590127378702163696289062500;0.050631392747163772583007812500;0.040104866027832031250000000000;0.035141788423061370849609375000;0.030198723077774047851562500000;0.314046651124954223632812500000;0.210946500301361083984375000000;0.169368997216224670410156250000;0.305637866258621215820312500000;0.353168725967407226562500000000;0.184883400797843933105468750000;0.391207128763198852539062500000;0.070740737020969390869140625000
0.254242539405822753906250000000;0.009356838651001453399658203125;0.019566059112548828125000000000;0.080937623977661132812500000000;0.125668346881866455078125000000;0.106276638805866241455078125000;0.104145683348178863525390625000;0.089442074298858642578125000000;0.078225493431091308593750000000;0.049283225089311599731445312500;0.030840760096907615661621093750;0.018829910084605216979980468750;0.010499806143343448638916015625;0.007613328285515308380126953125;0.007574583403766155242919921875;0.007497094105929136276245117188;0.220203444361686706542968750000;0.382112681865692138671875000000;0.194115802645683288574218750000;0.203568071126937866210937500000;0.205258220434188842773437500000;0.004960876423865556716918945312;0.180751174688339233398437500000;0.609029710292816162109375000000
0.431872129440307617187500000000;0.152051329612731933593750000000;0.101608037948608398437500000000;0.071212954819202423095703125000;0.045772977173328399658203125000;0.029255975037813186645507812500;0.022155564278364181518554687500;0.023161770775914192199707031250;0.018453476950526237487792968750;0.013194615952670574188232421875;0.012625063769519329071044921875;0.014808345586061477661132812500;0.015377897769212722778320312500;0.014884285628795623779296875000;0.016213240101933479309082031250;0.017352344468235969543457031250;0.609758853912353515625000000000;0.079744681715965270996093750000;0.068397164344787597656250000000;0.242099285125732421875000000000;0.597858130931854248046875000000;0.088269501924514770507812500000;0.066496454179286956787109375000;0.247375890612602233886718750000
0.375889152288436889648437500000;0.099056854844093322753906250000;0.066318914294242858886718750000;0.041098054498434066772460937500;0.030050758272409439086914062500;0.025062788277864456176757812500;0.039868626743555068969726562500;0.049229849129915237426757812500;0.051565766334533691406250000000;0.050072886049747467041015625000;0.036584295332431793212890625000;0.026643482968211174011230468750;0.058029048144817352294921875000;0.030577655881643295288085937500;0.011293184012174606323242187500;0.008658693172037601470947265625;0.555119633674621582031250000000;0.076762363314628601074218750000;0.187240824103355407714843750000;0.180877193808555603027343750000;0.554577350616455078125000000000;0.113062202930450439453125000000;0.154162675142288208007812500000;0.178197771310806274414062500000
0.243092373013496398925781250000;0.045794181525707244873046875000;0.101580135524272918701171875000;0.133935287594795227050781250000;0.221656426787376403808593750000;0.050816316157579421997070312500;0.032705128192901611328125000000;0.025758132338523864746093750000;0.021855914965271949768066406250;0.018881130963563919067382812500;0.017603723332285881042480468750;0.014733931981027126312255859375;0.017726214602589607238769531250;0.019091116264462471008300781250;0.018198680132627487182617187500;0.016571298241615295410156250000;0.709314644336700439453125000000;0.105389408767223358154296875000;0.080887854099273681640625000000;0.104408100247383117675781250000;0.755934596061706542968750000000;0.070062302052974700927734375000;0.050856698304414749145507812500;0.123146414756774902343750000000
0.430149137973785400390625000000;0.099157564342021942138671875000;0.086982406675815582275390625000;0.065847054123878479003906250000;0.050189025700092315673828125000;0.034263089299201965332031250000;0.033846337348222732543945312500;0.032179322093725204467773437500;0.034620307385921478271484375000;0.027059208601713180541992187500;0.021849790588021278381347656250;0.023159585893154144287109375000;0.021939095109701156616210937500;0.015538951382040977478027343750;0.013901705853641033172607421875;0.009317417629063129425048828125;0.380837440490722656250000000000;0.105697862803936004638671875000;0.066321842372417449951171875000;0.447142869234085083007812500000;0.329885065555572509765625000000;0.089835792779922485351562500000;0.117602623999118804931640625000;0.462676525115966796875000000000
0.463433325290679931640625000000;0.087351366877555847167968750000;0.075346939265727996826171875000;0.070494085550308227539062500000;0.055708486586809158325195312500;0.035161904990673065185546875000;0.024548061192035675048828125000;0.020404689013957977294921875000;0.019638448953628540039062500000;0.016005903482437133789062500000;0.017850555479526519775390625000;0.019014105200767517089843750000;0.021511480212211608886718750000;0.018900588154792785644531250000;0.022873684763908386230468750000;0.031756393611431121826171875000;0.451082020998001098632812500000;0.075706809759140014648437500000;0.086561955511569976806640625000;0.386649221181869506835937500000;0.416753917932510375976562500000;0.080436296761035919189453125000;0.133612558245658874511718750000;0.369197219610214233398437500000
0.229487299919128417968750000000;0.003162004286423325538635253906;0.000790501071605831384658813477;0.000580776308197528123855590820;0.000613041629549115896224975586;0.000516245607286691665649414062;0.001806859625503420829772949219;0.006194947287440299987792968750;0.026570515707135200500488281250;0.168086335062980651855468750000;0.179814800620079040527343750000;0.231245771050453186035156250000;0.051672957837581634521484375000;0.033733423799276351928710937500;0.032894525676965713500976562500;0.032829992473125457763671875000;0.177875459194183349609375000000;0.376703292131423950195312500000;0.232258856296539306640625000000;0.213162392377853393554687500000;0.177875459194183349609375000000;0.376703292131423950195312500000;0.232258856296539306640625000000;0.213162392377853393554687500000
0.348384052515029907226562500000;0.180093526840209960937500000000;0.084541939198970794677734375000;0.035005427896976470947265625000;0.030718481168150901794433593750;0.029772011563181877136230468750;0.042229212820529937744140625000;0.048868414014577865600585937500;0.038206718862056732177734375000;0.019931519404053688049316406250;0.024009687826037406921386718750;0.031539682298898696899414062500;0.033822342753410339355468750000;0.024816969409584999084472656250;0.017189543694257736206054687500;0.010870472528040409088134765625;0.647575736045837402343750000000;0.176955923438072204589843750000;0.132823690772056579589843750000;0.042644627392292022705078125000;0.329393953084945678710937500000;0.281597793102264404296875000000;0.138732776045799255371093750000;0.250275492668151855468750000000
0.205556765198707580566406250000;0.034342151135206222534179687500;0.083770036697387695312500000000;0.092452481389045715332031250000;0.070777386426925659179687500000;0.056513380259275436401367187500;0.050342645496129989624023437500;0.051381438970565795898437500000;0.058978572487831115722656250000;0.057288598269224166870117187500;0.049365870654582977294921875000;0.058621972799301147460937500000;0.050404664129018783569335937500;0.048342585563659667968750000000;0.022682873532176017761230468750;0.009178578853607177734375000000;0.733700454235076904296875000000;0.162525698542594909667968750000;0.068883992731571197509765625000;0.034889869391918182373046875000;0.509765028953552246093750000000;0.210748896002769470214843750000;0.184405282139778137207031250000;0.095080763101577758789062500000
0.384602516889572143554687500000;0.091167673468589782714843750000;0.101855143904685974121093750000;0.093175493180751800537109375000;0.075167842209339141845703125000;0.044611297547817230224609375000;0.030765691772103309631347656250;0.023069038987159729003906250000;0.019618095830082893371582031250;0.016836425289511680603027343750;0.015727940946817398071289062500;0.015811599791049957275390625000;0.018488695845007896423339843750;0.020308284088969230651855468750;0.023466421291232109069824218750;0.025327838957309722900390625000;0.506869554519653320312500000000;0.078188404440879821777343750000;0.085072465240955352783203125000;0.329869568347930908203125000000;0.337652176618576049804687500000;0.136391296982765197753906250000;0.144797101616859436035156250000;0.381159424781799316406250000000
0.472242325544357299804687500000;0.112107910215854644775390625000;0.065402977168560028076171875000;0.039052076637744903564453125000;0.028231965377926826477050781250;0.020161096006631851196289062500;0.018183572217822074890136718750;0.019453689455986022949218750000;0.021849226206541061401367187500;0.022202929481863975524902343750;0.022974645718932151794433593750;0.025997202843427658081054687500;0.028424894437193870544433593750;0.029678933322429656982421875000;0.034051995724439620971679687500;0.039984565228223800659179687500;0.530794262886047363281250000000;0.103984378278255462646484375000;0.124921873211860656738281250000;0.240299478173255920410156250000;0.470143228769302368164062500000;0.108007811009883880615234375000;0.170143231749534606933593750000;0.251705735921859741210937500000
0.181572079658508300781250000000;0.005195751320570707321166992188;0.017468892037868499755859375000;0.350786030292510986328125000000;0.258864939212799072265625000000;0.051945373415946960449218750000;0.029013657942414283752441406250;0.020503792911767959594726562500;0.017699545249342918395996093750;0.012321699410676956176757812500;0.012139605358242988586425781250;0.009675265289843082427978515625;0.009189681150019168853759765625;0.007842184975743293762207031250;0.007987860590219497680664062500;0.007793626748025417327880859375;0.789470732212066650390625000000;0.102173425257205963134765625000;0.044245496392250061035156250000;0.064110361039638519287109375000;0.789470732212066650390625000000;0.102173425257205963134765625000;0.044245496392250061035156250000;0.064110361039638519287109375000
0.274745494127273559570312500000;0.133405968546867370605468750000;0.187510639429092407226562500000;0.140641495585441589355468750000;0.063791751861572265625000000000;0.033419590443372726440429687500;0.034372977912425994873046875000;0.023647382855415344238281250000;0.019561441615223884582519531250;0.018914502114057540893554687500;0.017280125990509986877441406250;0.014402941800653934478759765625;0.013330382294952869415283203125;0.009108243510127067565917968750;0.007473866920918226242065429688;0.008393203839659690856933593750;0.762157797813415527343750000000;0.129001617431640625000000000000;0.056731078773736953735351562500;0.052109502255916595458984375000;0.669774532318115234375000000000;0.162318840622901916503906250000;0.081771336495876312255859375000;0.086135268211364746093750000000
0.272979170083999633789062500000;0.128886863589286804199218750000;0.189533308148384094238281250000;0.135849460959434509277343750000;0.082025289535522460937500000000;0.043213665485382080078125000000;0.030042616650462150573730468750;0.020028412342071533203125000000;0.016924183815717697143554687500;0.013627036474645137786865234375;0.012171381153166294097900390625;0.011276942677795886993408203125;0.012995667755603790283203125000;0.011469860561192035675048828125;0.010329890064895153045654296875;0.008646240457892417907714843750;0.741858661174774169921875000000;0.091520734131336212158203125000;0.052165899425745010375976562500;0.114454686641693115234375000000;0.522534549236297607421875000000;0.253840237855911254882812500000;0.095483869314193725585937500000;0.128141313791275024414062500000
0.248427018523216247558593750000;0.121378690004348754882812500000;0.108086153864860534667968750000;0.068122103810310363769531250000;0.056004978716373443603515625000;0.043766852468252182006835937500;0.044665697962045669555664062500;0.047033809125423431396484375000;0.043179146945476531982421875000;0.041225887835025787353515625000;0.040240615606307983398437500000;0.037924360483884811401367187500;0.033032566308975219726562500000;0.025513378903269767761230468750;0.021364862099289894104003906250;0.020033879205584526062011718750;0.565457344055175781250000000000;0.220279067754745483398437500000;0.133131787180900573730468750000;0.081131786108016967773437500000;0.565457344055175781250000000000;0.220279067754745483398437500000;0.133131787180900573730468750000;0.081131786108016967773437500000
0.222769349813461303710937500000;0.024216260761022567749023437500;0.111823134124279022216796875000;0.252989083528518676757812500000;0.217524752020835876464843750000;0.081738308072090148925781250000;0.032648105174303054809570312500;0.017420193180441856384277343750;0.010017032735049724578857421875;0.005615609232336282730102539062;0.004603787790983915328979492188;0.003676284570246934890747070312;0.003794330405071377754211425781;0.003187237540259957313537597656;0.003625693498179316520690917969;0.004350832197815179824829101562;0.486576586961746215820312500000;0.345495492219924926757812500000;0.058558557182550430297851562500;0.109369367361068725585937500000;0.533663690090179443359375000000;0.126936942338943481445312500000;0.194594591856002807617187500000;0.144804805517196655273437500000
0.831503152847290039062500000000;0.015295208431780338287353515625;0.018646605312824249267578125000;0.018218766897916793823242187500;0.033799201250076293945312500000;0.042979892343282699584960937500;0.021017542108893394470214843750;0.008503279648721218109130859375;0.006167997606098651885986328125;0.002246149349957704544067382812;0.000837849394883960485458374023;0.000427837978349998593330383301;0.000196092412807047367095947266;0.000071306334575638175010681152;0.000071306334575638175010681152;0.000017826583643909543752670288;0.909946501255035400390625000000;0.089073084294795989990234375000;0.000909090915229171514511108398;0.000071301248681265860795974731;0.896631002426147460937500000000;0.099607840180397033691406250000;0.003636363660916686058044433594;0.000124777187011204659938812256
0.064452439546585083007812500000;0.026172801852226257324218750000;0.029402311891317367553710937500;0.041539758443832397460937500000;0.031529806554317474365234375000;0.018014846369624137878417968750;0.013576184399425983428955078125;0.012795591726899147033691406250;0.020907629281282424926757812500;0.050952780991792678833007812500;0.120471417903900146484375000000;0.184893235564231872558593750000;0.218902572989463806152343750000;0.095293484628200531005859375000;0.051411952823400497436523437500;0.019683171063661575317382812500;0.187792018055915832519531250000;0.290968656539916992187500000000;0.472321927547454833984375000000;0.048917379230260848999023437500;0.182891741394996643066406250000;0.295313388109207153320312500000;0.491039872169494628906250000000;0.030754985287785530090332031250
0.011068625375628471374511718750;0.016569396480917930603027343750;0.029113838449120521545410156250;0.057590395212173461914062500000;0.124270476400852203369140625000;0.164553567767143249511718750000;0.135070770978927612304687500000;0.071241699159145355224609375000;0.048903200775384902954101562500;0.037197288125753402709960937500;0.036459382623434066772460937500;0.041859529912471771240234375000;0.051049843430519104003906250000;0.054102100431919097900390625000;0.061011604964733123779296875000;0.059938285499811172485351562500;0.126950621604919433593750000000;0.147864192724227905273437500000;0.118506170809268951416015625000;0.606679022312164306640625000000;0.126950621604919433593750000000;0.147864192724227905273437500000;0.118506170809268951416015625000;0.606679022312164306640625000000
0.006878564134240150451660156250;0.004935177974402904510498046875;0.010854833759367465972900390625;0.022003732621669769287109375000;0.054146315902471542358398437500;0.110798574984073638916015625000;0.141995042562484741210937500000;0.109481677412986755371093750000;0.082095280289649963378906250000;0.106809519231319427490234375000;0.148144826292991638183593750000;0.100109957158565521240234375000;0.054862301796674728393554687500;0.027156263589859008789062500000;0.014600966125726699829101562500;0.005126959178596735000610351562;0.297769337892532348632812500000;0.561267435550689697265625000000;0.129239544272422790527343750000;0.011723700910806655883789062500;0.213029146194458007812500000000;0.581647634506225585937500000000;0.184093788266181945800781250000;0.021229404956102371215820312500
0.001822442049160599708557128906;0.005597500596195459365844726562;0.008721686899662017822265625000;0.017052851617336273193359375000;0.029159072786569595336914062500;0.047383494675159454345703125000;0.067820876836776733398437500000;0.070033848285675048828125000000;0.132647752761840820312500000000;0.120151005685329437255859375000;0.113512106239795684814453125000;0.084222860634326934814453125000;0.099453270435333251953125000000;0.088128089904785156250000000000;0.046472273766994476318359375000;0.067820876836776733398437500000;0.000000000000000000000000000000;0.000025157232812489382922649384;0.058377359062433242797851562500;0.941597461700439453125000000000;0.000000000000000000000000000000;0.000062893079302739351987838745;0.059283018112182617187500000000;0.940654098987579345703125000000
0.209442555904388427734375000000;0.042169734835624694824218750000;0.056690506637096405029296875000;0.078728556632995605468750000000;0.089085079729557037353515625000;0.063356004655361175537109375000;0.054094616323709487915039062500;0.054784148931503295898437500000;0.049443639814853668212890625000;0.038965430110692977905273437500;0.037870287895202636718750000000;0.045252356678247451782226562500;0.067750088870525360107421875000;0.061976935714483261108398437500;0.033178750425577163696289062500;0.017211308702826499938964843750;0.370575159788131713867187500000;0.315281033515930175781250000000;0.256810456514358520507812500000;0.057333331555128097534179687500;0.350418299436569213867187500000;0.300013065338134765625000000000;0.155098035931587219238281250000;0.194470584392547607421875000000
0.125791683793067932128906250000;0.124749727547168731689453125000;0.130184277892112731933593750000;0.091488577425479888916015625000;0.055612307041883468627929687500;0.029358886182308197021484375000;0.041004370898008346557617187500;0.061230745166540145874023437500;0.071486942470073699951171875000;0.048686306923627853393554687500;0.043701220303773880004882812500;0.041801169514656066894531250000;0.039901115000247955322265625000;0.034343969076871871948242187500;0.031810566782951354980468750000;0.028848119080066680908203125000;0.302565068006515502929687500000;0.102490708231925964355468750000;0.158773228526115417480468750000;0.436170995235443115234375000000;0.245328381657600402832031250000;0.100545227527618408203125000000;0.127385377883911132812500000000;0.526741027832031250000000000000
0.082293339073657989501953125000;0.042691215872764587402343750000;0.037316199392080307006835937500;0.104225873947143554687500000000;0.432719647884368896484375000000;0.085814900696277618408203125000;0.038551833480596542358398437500;0.052205611020326614379882812500;0.068021744489669799804687500000;0.026442604139447212219238281250;0.010502903722226619720458984375;0.004633633885532617568969726562;0.003459780011326074600219726562;0.002533053280785679817199707031;0.003830470843240618705749511719;0.004757197573781013488769531250;0.178121685981750488281250000000;0.032976191490888595581054687500;0.004748677369207143783569335938;0.784153461456298828125000000000;0.004986772313714027404785156250;0.037208992987871170043945312500;0.149986773729324340820312500000;0.807817459106445312500000000000
0.422987699508666992187500000000;0.020778696984052658081054687500;0.010439782403409481048583984375;0.011145854368805885314941406250;0.015079685486853122711181640625;0.017298769205808639526367187500;0.020223924890160560607910156250;0.026326406747102737426757812500;0.042666934430599212646484375000;0.044129513204097747802734375000;0.054014526307582855224609375000;0.055275369435548782348632812500;0.063042163848876953125000000000;0.058603994548320770263671875000;0.067984670400619506835937500000;0.070002019405364990234375000000;0.109281703829765319824218750000;0.047665543854236602783203125000;0.081638611853122711181640625000;0.761414170265197753906250000000;0.109349049627780914306640625000;0.047788999974727630615234375000;0.081459037959575653076171875000;0.761402904987335205078125000000
0.008490053936839103698730468750;0.030356878414750099182128906250;0.056320648640394210815429687500;0.088948123157024383544921875000;0.086973689496517181396484375000;0.066044718027114868164062500000;0.059331655502319335937500000000;0.053655166178941726684570312500;0.059479735791683197021484375000;0.059430375695228576660156250000;0.062441382557153701782226562500;0.059874624013900756835937500000;0.063823483884334564208984375000;0.064169012010097503662109375000;0.073152676224708557128906250000;0.107507772743701934814453125000;0.023469135165214538574218750000;0.089259259402751922607421875000;0.199765428900718688964843750000;0.687506198883056640625000000000;0.012259258888661861419677734375;0.077444441616535186767578125000;0.219790130853652954101562500000;0.690506160259246826171875000000
0.534437417984008789062500000000;0.108329273760318756103515625000;0.042717974632978439331054687500;0.021870434284210205078125000000;0.023916220292448997497558593750;0.028494885191321372985839843750;0.041159279644489288330078125000;0.045007307082414627075195312500;0.037554796785116195678710937500;0.018460789695382118225097656250;0.010082805529236793518066406250;0.007355090230703353881835937500;0.014905016869306564331054687500;0.021237213164567947387695312500;0.024549439549446105957031250000;0.019922064617276191711425781250;0.190740734338760375976562500000;0.047624520957469940185546875000;0.024661557748913764953613281250;0.736973166465759277343750000000;0.185696035623550415039062500000;0.031864624470472335815429687500;0.034278415143489837646484375000;0.748160898685455322265625000000
0.000000000000000000000000000000;0.000049195652536582201719284058;0.000049195652536582201719284058;0.000147586950333788990974426270;0.000983913079835474491119384766;0.001525065163150429725646972656;0.004968760535120964050292968750;0.014119151979684829711914062500;0.035322476178407669067382812500;0.097702562808990478515625000000;0.102228559553623199462890625000;0.114576674997806549072265625000;0.216214880347251892089843750000;0.287056624889373779296875000000;0.081369608640670776367187500000;0.043685737997293472290039062500;0.015275482088327407836914062500;0.225812673568725585937500000000;0.049793388694524765014648437500;0.709118485450744628906250000000;0.002245179144665598869323730469;0.230977967381477355957031250000;0.052685949951410293579101562500;0.714090883731842041015625000000
0.000037105750379851087927818298;0.000204081632546149194240570068;0.000909090915229171514511108398;0.002337662270292639732360839844;0.011873840354382991790771484375;0.033395174890756607055664062500;0.055807050317525863647460937500;0.071038961410522460937500000000;0.094990722835063934326171875000;0.099220782518386840820312500000;0.103654913604259490966796875000;0.106326527893543243408203125000;0.118905380368232727050781250000;0.103673473000526428222656250000;0.100426718592643737792968750000;0.097198516130447387695312500000;0.111219197511672973632812500000;0.307950705289840698242187500000;0.383333325386047363281250000000;0.197496756911277770996093750000;0.136744484305381774902343750000;0.343437105417251586914062500000;0.362140089273452758789062500000;0.157678335905075073242187500000
0.091739334166049957275390625000;0.092199146747589111328125000000;0.100396387279033660888671875000;0.087569370865821838378906250000;0.082226097583770751953125000000;0.060393214225769042968750000000;0.053163152188062667846679687500;0.046931982040405273437500000000;0.046345330774784088134765625000;0.039828762412071228027343750000;0.040637388825416564941406250000;0.043856032192707061767578125000;0.052386239171028137207031250000;0.054621849209070205688476562500;0.055414617061614990234375000000;0.052291106432676315307617187500;0.355451375246047973632812500000;0.198472216725349426269531250000;0.211446762084960937500000000000;0.234629631042480468750000000000;0.381249994039535522460937500000;0.186377316713333129882812500000;0.206145837903022766113281250000;0.226226851344108581542968750000
0.611754775047302246093750000000;0.110039278864860534667968750000;0.038635574281215667724609375000;0.014718313701450824737548828125;0.016011137515306472778320312500;0.021232161670923233032226562500;0.029784694314002990722656250000;0.027298493310809135437011718750;0.025607876479625701904296875000;0.014022177085280418395996093750;0.007707224693149328231811523438;0.007160260342061519622802734375;0.010889562778174877166748046875;0.016060862690210342407226562500;0.022723881527781486511230468750;0.026353737339377403259277343750;0.197512626647949218750000000000;0.033560607582330703735351562500;0.024532828480005264282226562500;0.744393944740295410156250000000;0.195441916584968566894531250000;0.019002525135874748229980468750;0.024330807849764823913574218750;0.761224746704101562500000000000
0.000127420993521809577941894531;0.001146788941696286201477050781;0.005096839740872383117675781250;0.013761468231678009033203125000;0.030581040307879447937011718750;0.049694187939167022705078125000;0.056957185268402099609375000000;0.080784916877746582031250000000;0.122451581060886383056640625000;0.156472980976104736328125000000;0.110601425170898437500000000000;0.076962284743785858154296875000;0.113277271389961242675781250000;0.054026503115892410278320312500;0.048165138810873031616210937500;0.079892963171005249023437500000;0.000000000000000000000000000000;0.000050314465624978765845298767;0.058666665107011795043945312500;0.941283047199249267578125000000;0.000000000000000000000000000000;0.000100628931249957531690597534;0.059396225959062576293945312500;0.940503120422363281250000000000
0.001821264857426285743713378906;0.010550775565207004547119140625;0.027130566537380218505859375000;0.044777993112802505493164062500;0.124913647770881652832031250000;0.198141053318977355957031250000;0.170256868004798889160156250000;0.112730011343955993652343750000;0.088299944996833801269531250000;0.065377131104469299316406250000;0.048797335475683212280273437500;0.029705457389354705810546875000;0.022294793277978897094726562500;0.016830999404191970825195312500;0.017459021881222724914550781250;0.020913144573569297790527343750;0.027821011841297149658203125000;0.161582365632057189941406250000;0.807937741279602050781250000000;0.002658884506672620773315429688;0.014448767527937889099121093750;0.892360568046569824218750000000;0.092386513948440551757812500000;0.000804150477051734924316406250
0.034244712442159652709960937500;0.039082460105419158935546875000;0.069685272872447967529296875000;0.093710929155349731445312500000;0.095830842852592468261718750000;0.071098551154136657714843750000;0.057237591594457626342773437500;0.050497364252805709838867187500;0.063216827809810638427734375000;0.064793169498443603515625000000;0.064847528934478759765625000000;0.062564551830291748046875000000;0.064575746655464172363281250000;0.057183235883712768554687500000;0.056422241032123565673828125000;0.055008970201015472412109375000;0.118591956794261932373046875000;0.082586206495761871337890625000;0.078304596245288848876953125000;0.720517218112945556640625000000;0.107758618891239166259765625000;0.087658047676086425781250000000;0.087758623063564300537109375000;0.716824710369110107421875000000
0.013309757225215435028076171875;0.027616139501333236694335937500;0.051953062415122985839843750000;0.095418743789196014404296875000;0.167400732636451721191406250000;0.081755347549915313720703125000;0.065809354186058044433593750000;0.069185018539428710937500000000;0.084391579031944274902343750000;0.071789100766181945800781250000;0.049734767526388168334960937500;0.034078121185302734375000000000;0.031152548268437385559082031250;0.036071371287107467651367187500;0.048159461468458175659179687500;0.072174891829490661621093750000;0.000585241708904504776000976562;0.119045801460742950439453125000;0.333702296018600463867187500000;0.546666681766510009765625000000;0.000025445293431403115391731262;0.001972010126337409019470214844;0.127035617828369140625000000000;0.870966911315917968750000000000
0.081183806061744689941406250000;0.050939768552780151367187500000;0.062504343688488006591796875000;0.073813989758491516113281250000;0.083663582801818847656250000000;0.081461913883686065673828125000;0.103826276957988739013671875000;0.084636956453323364257812500000;0.067000396549701690673828125000;0.049641937017440795898437500000;0.028019189834594726562500000000;0.019699182361364364624023437500;0.027856960892677307128906250000;0.019606480374932289123535156250;0.025608936324715614318847656250;0.140536278486251831054687500000;0.196313723921775817871093750000;0.331411778926849365234375000000;0.361843138933181762695312500000;0.110431373119354248046875000000;0.243392154574394226074218750000;0.348607838153839111328125000000;0.278176456689834594726562500000;0.129823535680770874023437500000
0.026561565697193145751953125000;0.129311263561248779296875000000;0.500973820686340332031250000000;0.248194217681884765625000000000;0.038676828145980834960937500000;0.009048108011484146118164062500;0.008081953972578048706054687500;0.008219975978136062622070312500;0.007529866416007280349731445312;0.005842931102961301803588867188;0.004953456111252307891845703125;0.003588571678847074508666992188;0.002637753728777170181274414062;0.002407717052847146987915039062;0.002024322515353560447692871094;0.001947643700987100601196289062;0.928532123565673828125000000000;0.044785931706428527832031250000;0.023516818881034851074218750000;0.003165137721225619316101074219;0.880458712577819824218750000000;0.064281344413757324218750000000;0.040688075125217437744140625000;0.014571865089237689971923828125
0.064709626138210296630859375000;0.111689135432243347167968750000;0.112193435430526733398437500000;0.080396011471748352050781250000;0.070071130990982055664062500000;0.055897653102874755859375000000;0.053508866578340530395507812500;0.054464381188154220581054687500;0.066089816391468048095703125000;0.055207557976245880126953125000;0.050191104412078857421875000000;0.050615776330232620239257812500;0.053216900676488876342773437500;0.044537637382745742797851562500;0.039813142269849777221679687500;0.037397813051939010620117187500;0.214054837822914123535156250000;0.120822511613368988037109375000;0.174372300505638122558593750000;0.490750372409820556640625000000;0.159668102860450744628906250000;0.105699852108955383300781250000;0.150158733129501342773437500000;0.584473311901092529296875000000
0.101138010621070861816406250000;0.074640184640884399414062500000;0.086931459605693817138671875000;0.103629738092422485351562500000;0.119770169258117675781250000000;0.091598793864250183105468750000;0.075700096786022186279296875000;0.062218751758337020874023437500;0.045408904552459716796875000000;0.031481273472309112548828125000;0.030291197821497917175292968750;0.038770500570535659790039062500;0.050243593752384185791015625000;0.048198148608207702636718750000;0.023280896246433258056640625000;0.016698278486728668212890625000;0.298602610826492309570312500000;0.122620090842247009277343750000;0.171557500958442687988281250000;0.407219797372817993164062500000;0.302983999252319335937500000000;0.121149927377700805664062500000;0.062809318304061889648437500000;0.513056755065917968750000000000
0.010786076076328754425048828125;0.034441903233528137207031250000;0.108228467404842376708984375000;0.112845234572887420654296875000;0.106267362833023071289062500000;0.107247918844223022460937500000;0.072193168103694915771484375000;0.050621017813682556152343750000;0.045064553618431091308593750000;0.035013891756534576416015625000;0.036117013543844223022460937500;0.035912729799747467041015625000;0.042000327259302139282226562500;0.047475077211856842041015625000;0.065165877342224121093750000000;0.090619385242462158203125000000;0.058744445443153381347656250000;0.280044436454772949218750000000;0.312677770853042602539062500000;0.348533332347869873046875000000;0.712644457817077636718750000000;0.114900000393390655517578125000;0.088355556130409240722656250000;0.084100000560283660888671875000
0.018416026607155799865722656250;0.025958759710192680358886718750;0.046480875462293624877929687500;0.070431500673294067382812500000;0.118430718779563903808593750000;0.137483462691307067871093750000;0.117108292877674102783203125000;0.093402557075023651123046875000;0.082970075309276580810546875000;0.046040065586566925048828125000;0.036244306713342666625976562500;0.044717635959386825561523437500;0.042170740664005279541015625000;0.030219914391636848449707031250;0.038987118750810623168945312500;0.050937943160533905029296875000;0.128023952245712280273437500000;0.189580842852592468261718750000;0.209461078047752380371093750000;0.472934126853942871093750000000;0.107504993677139282226562500000;0.162934124469757080078125000000;0.265409171581268310546875000000;0.464151710271835327148437500000
0.003711353987455368041992187500;0.017767477780580520629882812500;0.059196937829256057739257812500;0.074193492531776428222656250000;0.105949923396110534667968750000;0.101684384047985076904296875000;0.112835235893726348876953125000;0.157270729541778564453125000000;0.181906729936599731445312500000;0.097989819943904876708984375000;0.041563805192708969116210937500;0.014341612346470355987548828125;0.009169227443635463714599609375;0.007305154111236333847045898438;0.007724990136921405792236328125;0.007389121223241090774536132812;0.312783181667327880859375000000;0.592734634876251220703125000000;0.063009709119796752929687500000;0.031472492963075637817382812500;0.258300960063934326171875000000;0.403851121664047241210937500000;0.301343053579330444335937500000;0.036504853516817092895507812500
0.226995140314102172851562500000;0.073208428919315338134765625000;0.062200777232646942138671875000;0.058525275439023971557617187500;0.058299090713262557983398437500;0.048799335956573486328125000000;0.045915480703115463256835937500;0.044935349375009536743164062500;0.049741771072149276733398437500;0.046405550092458724975585937500;0.049741771072149276733398437500;0.050834998488426208496093750000;0.056150335818529129028320312500;0.053530365228652954101562500000;0.043502844870090484619140625000;0.031213480979204177856445312500;0.265043467283248901367187500000;0.320115953683853149414062500000;0.199971020221710205078125000000;0.214869558811187744140625000000;0.267913043498992919921875000000;0.313840568065643310546875000000;0.211275368928909301757812500000;0.206971019506454467773437500000
0.040163595229387283325195312500;0.043081659823656082153320312500;0.060521114617586135864257812500;0.077317215502262115478515625000;0.096479944884777069091796875000;0.102499887347221374511718750000;0.102913469076156616210937500000;0.097858555614948272705078125000;0.087473005056381225585937500000;0.062703922390937805175781250000;0.049584116786718368530273437500;0.047516196966171264648437500000;0.041886862367391586303710937500;0.030743071809411048889160156250;0.030352465808391571044921875000;0.028904922306537628173828125000;0.170420050621032714843750000000;0.238644987344741821289062500000;0.283116519451141357421875000000;0.307818442583084106445312500000;0.166205957531929016113281250000;0.266585379838943481445312500000;0.280325204133987426757812500000;0.286883473396301269531250000000
0.037456016987562179565429687500;0.083565175533294677734375000000;0.118873253464698791503906250000;0.096084609627723693847656250000;0.066770315170288085937500000000;0.046681940555572509765625000000;0.052348416298627853393554687500;0.076794043183326721191406250000;0.072518616914749145507812500000;0.081887736916542053222656250000;0.099050812423229217529296875000;0.069859258830547332763671875000;0.040360853075981140136718750000;0.028884707018733024597167968750;0.017490385100245475769042968750;0.011373864486813545227050781250;0.168612718582153320312500000000;0.453082859516143798828125000000;0.283063590526580810546875000000;0.095240846276283264160156250000;0.109768785536289215087890625000;0.319826602935791015625000000000;0.442851632833480834960937500000;0.127552986145019531250000000000
0.042864635586738586425781250000;0.058674730360507965087890625000;0.062006417661905288696289062500;0.055111672729253768920898437500;0.058273691684007644653320312500;0.052489511668682098388671875000;0.055728651583194732666015625000;0.052427813410758972167968750000;0.058767274022102355957031250000;0.055389314889907836914062500000;0.071245677769184112548828125000;0.092192128300666809082031250000;0.118028134107589721679687500000;0.076644249260425567626953125000;0.055774927139282226562500000000;0.034381169825792312622070312500;0.287629634141921997070312500000;0.334607392549514770507812500000;0.354755550622940063476562500000;0.023007407784461975097656250000;0.281125932931900024414062500000;0.332311123609542846679687500000;0.362325936555862426757812500000;0.024237036705017089843750000000
0.067171446979045867919921875000;0.056733369827270507812500000000;0.059671893715858459472656250000;0.054011177271604537963867187500;0.049828737974166870117187500000;0.043609157204627990722656250000;0.039156299084424972534179687500;0.040147826075553894042968750000;0.044925183057785034179687500000;0.046187128871679306030273437500;0.036776635795831680297851562500;0.035118080675601959228515625000;0.042004685848951339721679687500;0.065837390720844268798828125000;0.261763125658035278320312500000;0.057057868689298629760742187500;0.258178681135177612304687500000;0.167749136686325073242187500000;0.398127138614654541015625000000;0.175945013761520385742187500000;0.198951885104179382324218750000;0.162542954087257385253906250000;0.273436427116394042968750000000;0.365068733692169189453125000000
0.877670466899871826171875000000;0.018858181312680244445800781250;0.008472793735563755035400390625;0.007994644343852996826171875000;0.010519269853830337524414062500;0.011858085170388221740722656250;0.010213254019618034362792968750;0.008147652260959148406982421875;0.008702304214239120483398437500;0.005718657281249761581420898438;0.006215931847691535949707031250;0.005661279428750276565551757812;0.005718657281249761581420898438;0.005336138419806957244873046875;0.004590226802974939346313476562;0.004322463646531105041503906250;0.906370341777801513671875000000;0.038370370864868164062500000000;0.025296296924352645874023437500;0.029962962493300437927246093750;0.886388897895812988281250000000;0.043962962925434112548828125000;0.032740741968154907226562500000;0.036907408386468887329101562500
0.039838109165430068969726562500;0.063713796436786651611328125000;0.079087257385253906250000000000;0.086713582277297973632812500000;0.112854510545730590820312500000;0.146757677197456359863281250000;0.138421580195426940917968750000;0.089749008417129516601562500000;0.063562780618667602539062500000;0.036636564880609512329101562500;0.025793591514229774475097656250;0.021867165341973304748535156250;0.025174424052238464355468750000;0.025914404541254043579101562500;0.025944607332348823547363281250;0.017970943823456764221191406250;0.176986902952194213867187500000;0.435633182525634765625000000000;0.357292562723159790039062500000;0.030087336897850036621093750000;0.270771473646163940429687500000;0.542008757591247558593750000000;0.149403199553489685058593750000;0.037816595286130905151367187500
0.070852465927600860595703125000;0.094952337443828582763671875000;0.057577278465032577514648437500;0.034905258566141128540039062500;0.055300429463386535644531250000;0.089896962046623229980468750000;0.085555516183376312255859375000;0.082429669797420501708984375000;0.086790412664413452148437500000;0.076197274029254913330078125000;0.081985875964164733886718750000;0.069771930575370788574218750000;0.045903600752353668212890625000;0.020279396325349807739257812500;0.023424535989761352539062500000;0.024177053943276405334472656250;0.274255961179733276367187500000;0.386770844459533691406250000000;0.203035712242126464843750000000;0.135937497019767761230468750000;0.339866071939468383789062500000;0.331413686275482177734375000000;0.190312504768371582031250000000;0.138407737016677856445312500000
0.033676650375127792358398437500;0.074091695249080657958984375000;0.100262477993965148925781250000;0.077744863927364349365234375000;0.042487222701311111450195312500;0.022471565753221511840820312500;0.017667192965745925903320312500;0.017145313322544097900390625000;0.028427144512534141540527343750;0.052878785878419876098632812500;0.049655403941869735717773437500;0.062748469412326812744140625000;0.082687377929687500000000000000;0.113386236131191253662109375000;0.112127587199211120605468750000;0.112542018294334411621093750000;0.344144135713577270507812500000;0.189924925565719604492187500000;0.169924929738044738769531250000;0.296005994081497192382812500000;0.440600603818893432617187500000;0.086666665971279144287109375000;0.060405407100915908813476562500;0.412327319383621215820312500000
0.429406940937042236328125000000;0.131486475467681884765625000000;0.093024931848049163818359375000;0.060087129473686218261718750000;0.044887840747833251953125000000;0.029760759323835372924804687500;0.021192355081439018249511718750;0.016089823096990585327148437500;0.016968326643109321594238281250;0.017100702971220016479492187500;0.017329353839159011840820312500;0.015632521361112594604492187500;0.021553384140133857727050781250;0.024561952799558639526367187500;0.029520073905587196350097656250;0.031397420912981033325195312500;0.629161059856414794921875000000;0.162416100502014160156250000000;0.123970918357372283935546875000;0.084451898932456970214843750000;0.559597313404083251953125000000;0.161487698554992675781250000000;0.165648773312568664550781250000;0.113266222178936004638671875000
0.018877495080232620239257812500;0.020906385034322738647460937500;0.036652330309152603149414062500;0.079501599073410034179687500000;0.133884668350219726562500000000;0.102150179445743560791015625000;0.084198921918869018554687500000;0.079016432166099548339843750000;0.092689380049705505371093750000;0.093262761831283569335937500000;0.086139596998691558837890625000;0.065100893378257751464843750000;0.049531370401382446289062500000;0.029683537781238555908203125000;0.016848605126142501831054687500;0.011555849574506282806396484375;0.080315150320529937744140625000;0.429781824350357055664062500000;0.367636352777481079101562500000;0.122266665101051330566406250000;0.529854536056518554687500000000;0.259224236011505126953125000000;0.147672727704048156738281250000;0.063248485326766967773437500000
0.081583648920059204101562500000;0.138507932424545288085937500000;0.155036851763725280761718750000;0.117545232176780700683593750000;0.105639934539794921875000000000;0.088329240679740905761718750000;0.085168637335300445556640625000;0.073397360742092132568359375000;0.061145856976509094238281250000;0.037569802254438400268554687500;0.023553719744086265563964843750;0.014909537509083747863769531250;0.008711190894246101379394531250;0.004578959196805953979492187500;0.002803216455504298210144042969;0.001518874196335673332214355469;0.411533325910568237304687500000;0.232044443488121032714843750000;0.312377780675888061523437500000;0.044044446200132369995117187500;0.432933330535888671875000000000;0.286455541849136352539062500000;0.253500014543533325195312500000;0.027111111208796501159667968750
0.285856693983078002929687500000;0.115339510142803192138671875000;0.135598689317703247070312500000;0.074733197689056396484375000000;0.058783862739801406860351562500;0.047378912568092346191406250000;0.049812361598014831542968750000;0.059223640710115432739257812500;0.061745043843984603881835937500;0.028937492519617080688476562500;0.020024627447128295898437500000;0.018998475745320320129394531250;0.014131582342088222503662109375;0.008619678206741809844970703125;0.008824909105896949768066406250;0.011991322040557861328125000000;0.338421702384948730468750000000;0.068093433976173400878906250000;0.031098484992980957031250000000;0.562386333942413330078125000000;0.263371199369430541992187500000;0.052601009607315063476562500000;0.051376260817050933837890625000;0.632651507854461669921875000000
0.034006521105766296386718750000;0.060399133712053298950195312500;0.119944691658020019531250000000;0.130750983953475952148437500000;0.122932210564613342285156250000;0.089881695806980133056640625000;0.069890916347503662109375000000;0.065862029790878295898437500000;0.061952643096446990966796875000;0.046861395239830017089843750000;0.035474672913551330566406250000;0.028372911736369132995605468750;0.029687419533729553222656250000;0.033887021243572235107421875000;0.038445122539997100830078125000;0.031650647521018981933593750000;0.245273858308792114257812500000;0.494225353002548217773437500000;0.192253515124320983886718750000;0.068247258663177490234375000000;0.311643183231353759765625000000;0.408779352903366088867187500000;0.210500776767730712890625000000;0.069076679646968841552734375000
0.000000000000000000000000000000;0.000000000000000000000000000000;0.000030574028642149642109870911;0.000137583119794726371765136719;0.000580906518734991550445556641;0.002033172873780131340026855469;0.005503324791789054870605468750;0.012092027813196182250976562500;0.023893602192401885986328125000;0.032530765980482101440429687500;0.055996332317590713500976562500;0.124298706650733947753906250000;0.241993427276611328125000000000;0.237437903881072998046875000000;0.169364824891090393066406250000;0.094106853008270263671875000000;0.024540467187762260437011718750;0.806790113449096679687500000000;0.139382719993591308593750000000;0.029286693781614303588867187500;0.948916316032409667968750000000;0.040205761790275573730468750000;0.008299039676785469055175781250;0.002578875282779335975646972656
0.000000000000000000000000000000;0.000000000000000000000000000000;0.000000000000000000000000000000;0.000000000000000000000000000000;0.000019076687749475240707397461;0.000057230063248425722122192383;0.000591377320233732461929321289;0.002708889776840806007385253906;0.014860739931464195251464843750;0.027642121538519859313964843750;0.033880200237035751342773437500;0.040938574820756912231445312500;0.143800079822540283203125000000;0.195116370916366577148437500000;0.295688658952713012695312500000;0.244696676731109619140625000000;0.004666666500270366668701171875;0.372500002384185791015625000000;0.446616679430007934570312500000;0.176216661930084228515625000000;0.979766666889190673828125000000;0.020133333280682563781738281250;0.000099999997473787516355514526;0.000000000000000000000000000000
